city,global_index
pittsburgh,54736
pittsburgh,8448
pittsburgh,30523
pittsburgh,32326
pittsburgh,40626
pittsburgh,22984
pittsburgh,50654
pittsburgh,15549
pittsburgh,13756
pittsburgh,50930
pittsburgh,2920
pittsburgh,13939
pittsburgh,10117
pittsburgh,40645
pittsburgh,57006
pittsburgh,17884
pittsburgh,1509
pittsburgh,14159
pittsburgh,28765
pittsburgh,357
pittsburgh,25653
pittsburgh,53831
pittsburgh,9536
pittsburgh,18871
pittsburgh,42295
pittsburgh,14511
pittsburgh,24479
pittsburgh,41490
pittsburgh,40260
pittsburgh,13290
pittsburgh,8417
pittsburgh,16915
pittsburgh,30792
pittsburgh,39984
pittsburgh,42497
pittsburgh,39939
pittsburgh,45419
pittsburgh,30243
pittsburgh,39736
pittsburgh,10634
pittsburgh,13920
pittsburgh,51919
pittsburgh,46143
pittsburgh,53049
pittsburgh,5017
pittsburgh,35112
pittsburgh,57229
pittsburgh,49567
pittsburgh,32855
pittsburgh,27405
pittsburgh,25695
pittsburgh,33781
pittsburgh,22469
pittsburgh,23728
pittsburgh,9000
pittsburgh,45016
pittsburgh,34059
pittsburgh,32980
pittsburgh,44999
pittsburgh,31907
pittsburgh,14394
pittsburgh,20436
pittsburgh,25688
pittsburgh,53448
pittsburgh,6297
pittsburgh,17229
pittsburgh,10515
pittsburgh,30242
pittsburgh,53259
pittsburgh,27236
pittsburgh,47734
pittsburgh,11824
pittsburgh,14647
pittsburgh,17123
pittsburgh,42074
pittsburgh,24539
pittsburgh,37589
pittsburgh,2286
pittsburgh,3248
pittsburgh,22828
pittsburgh,50911
pittsburgh,12945
pittsburgh,57994
pittsburgh,34665
pittsburgh,32049
pittsburgh,38735
pittsburgh,56335
pittsburgh,56907
pittsburgh,8104
pittsburgh,56826
pittsburgh,52279
pittsburgh,31836
pittsburgh,23299
pittsburgh,25898
pittsburgh,47048
pittsburgh,40111
pittsburgh,29384
pittsburgh,5971
pittsburgh,15138
pittsburgh,3878
pittsburgh,55337
pittsburgh,56395
pittsburgh,37470
pittsburgh,6428
pittsburgh,48290
pittsburgh,7033
pittsburgh,41220
pittsburgh,38251
pittsburgh,20178
pittsburgh,22511
pittsburgh,45830
pittsburgh,14608
pittsburgh,32103
pittsburgh,4386
pittsburgh,35802
pittsburgh,53969
pittsburgh,34064
pittsburgh,51892
pittsburgh,56425
pittsburgh,4087
pittsburgh,44452
pittsburgh,29406
pittsburgh,27479
pittsburgh,2180
pittsburgh,7008
pittsburgh,39994
pittsburgh,2560
pittsburgh,3541
pittsburgh,4518
pittsburgh,22200
pittsburgh,44085
pittsburgh,38823
pittsburgh,53544
pittsburgh,14734
pittsburgh,43982
pittsburgh,52208
pittsburgh,55800
pittsburgh,12729
pittsburgh,41314
pittsburgh,50959
pittsburgh,55509
pittsburgh,4547
pittsburgh,36291
pittsburgh,2756
pittsburgh,44351
pittsburgh,1661
pittsburgh,50244
pittsburgh,22313
pittsburgh,35701
pittsburgh,2669
pittsburgh,32210
pittsburgh,21422
pittsburgh,57017
pittsburgh,22133
pittsburgh,23856
pittsburgh,48738
pittsburgh,8775
pittsburgh,30446
pittsburgh,51138
pittsburgh,53523
pittsburgh,45683
pittsburgh,10550
pittsburgh,36135
pittsburgh,22559
pittsburgh,51107
pittsburgh,12473
pittsburgh,6212
pittsburgh,26865
pittsburgh,40102
pittsburgh,8751
pittsburgh,7145
pittsburgh,31312
pittsburgh,36300
pittsburgh,21392
pittsburgh,13442
pittsburgh,51560
pittsburgh,37086
pittsburgh,4725
pittsburgh,14984
pittsburgh,28575
pittsburgh,38758
pittsburgh,34656
pittsburgh,33688
pittsburgh,56820
pittsburgh,10977
pittsburgh,38368
pittsburgh,8854
pittsburgh,24049
pittsburgh,23365
pittsburgh,35558
pittsburgh,47068
pittsburgh,10482
pittsburgh,26385
pittsburgh,38857
pittsburgh,18385
pittsburgh,40090
pittsburgh,14771
pittsburgh,19180
pittsburgh,20243
pittsburgh,22029
pittsburgh,15436
pittsburgh,13604
pittsburgh,34562
pittsburgh,17376
pittsburgh,36712
pittsburgh,8920
pittsburgh,24075
pittsburgh,13750
pittsburgh,16437
pittsburgh,37001
pittsburgh,15713
pittsburgh,12507
pittsburgh,45564
pittsburgh,37705
pittsburgh,55955
pittsburgh,54989
pittsburgh,36305
pittsburgh,24803
pittsburgh,1982
pittsburgh,16921
pittsburgh,20101
pittsburgh,3416
pittsburgh,17377
pittsburgh,34107
pittsburgh,1935
pittsburgh,12722
pittsburgh,32218
pittsburgh,29877
pittsburgh,3863
pittsburgh,56512
pittsburgh,52626
pittsburgh,917
pittsburgh,36982
pittsburgh,14687
pittsburgh,6610
pittsburgh,54356
pittsburgh,17872
pittsburgh,29790
pittsburgh,33241
pittsburgh,8261
pittsburgh,16558
pittsburgh,53872
pittsburgh,56146
pittsburgh,22235
pittsburgh,33091
pittsburgh,41919
pittsburgh,40180
pittsburgh,35592
pittsburgh,17181
pittsburgh,29279
pittsburgh,14000
pittsburgh,56868
pittsburgh,33187
pittsburgh,45420
pittsburgh,25279
pittsburgh,56415
pittsburgh,16734
pittsburgh,27037
pittsburgh,54156
pittsburgh,31407
pittsburgh,45129
pittsburgh,21479
pittsburgh,17620
pittsburgh,36641
pittsburgh,42318
pittsburgh,15952
pittsburgh,16656
pittsburgh,43453
pittsburgh,25901
pittsburgh,6688
pittsburgh,5953
pittsburgh,42951
pittsburgh,55613
pittsburgh,36966
pittsburgh,57193
pittsburgh,7872
pittsburgh,16350
pittsburgh,44977
pittsburgh,38505
pittsburgh,23794
pittsburgh,54220
pittsburgh,53283
pittsburgh,17782
pittsburgh,35092
pittsburgh,29154
pittsburgh,7058
pittsburgh,870
pittsburgh,38765
pittsburgh,6588
pittsburgh,53060
pittsburgh,10649
pittsburgh,10432
pittsburgh,33778
pittsburgh,25754
pittsburgh,56430
pittsburgh,48161
pittsburgh,46130
pittsburgh,2299
pittsburgh,16049
pittsburgh,15247
pittsburgh,45002
pittsburgh,2448
pittsburgh,53359
pittsburgh,19025
pittsburgh,10996
pittsburgh,57633
pittsburgh,52241
pittsburgh,46410
pittsburgh,39864
pittsburgh,11067
pittsburgh,26837
pittsburgh,56091
pittsburgh,26897
pittsburgh,12455
pittsburgh,22860
pittsburgh,23713
pittsburgh,18790
pittsburgh,44586
pittsburgh,19203
pittsburgh,41073
pittsburgh,23174
pittsburgh,14310
pittsburgh,38767
pittsburgh,22169
pittsburgh,11053
pittsburgh,48387
pittsburgh,25660
pittsburgh,12742
pittsburgh,24670
pittsburgh,1122
pittsburgh,46000
pittsburgh,28825
pittsburgh,55652
pittsburgh,41761
pittsburgh,44788
pittsburgh,5787
pittsburgh,18070
pittsburgh,16980
pittsburgh,42247
pittsburgh,31461
pittsburgh,3780
pittsburgh,35386
pittsburgh,6509
pittsburgh,723
pittsburgh,47099
pittsburgh,45104
pittsburgh,20187
pittsburgh,29142
pittsburgh,35892
pittsburgh,55245
pittsburgh,49445
pittsburgh,4700
pittsburgh,56933
pittsburgh,3285
pittsburgh,2401
pittsburgh,31316
pittsburgh,53987
pittsburgh,40352
pittsburgh,21957
pittsburgh,29617
pittsburgh,54639
pittsburgh,56463
pittsburgh,27141
pittsburgh,34546
pittsburgh,24030
pittsburgh,28476
pittsburgh,39687
pittsburgh,44367
pittsburgh,1395
pittsburgh,4826
pittsburgh,21020
pittsburgh,45905
pittsburgh,25818
pittsburgh,26267
pittsburgh,39847
pittsburgh,27907
pittsburgh,14997
pittsburgh,38048
pittsburgh,42756
pittsburgh,34211
pittsburgh,7164
pittsburgh,37896
pittsburgh,32930
pittsburgh,35578
pittsburgh,2132
pittsburgh,14992
pittsburgh,5425
pittsburgh,21175
pittsburgh,23410
pittsburgh,10400
pittsburgh,22431
pittsburgh,45226
pittsburgh,54608
pittsburgh,32452
pittsburgh,13713
pittsburgh,7637
pittsburgh,17523
pittsburgh,16039
pittsburgh,54203
pittsburgh,50146
pittsburgh,42551
pittsburgh,34179
pittsburgh,8391
pittsburgh,38033
pittsburgh,34921
pittsburgh,36592
pittsburgh,51458
pittsburgh,32214
pittsburgh,38357
pittsburgh,25796
pittsburgh,36342
pittsburgh,20540
pittsburgh,34901
pittsburgh,4558
pittsburgh,22241
pittsburgh,18921
pittsburgh,43774
pittsburgh,19004
pittsburgh,54039
pittsburgh,49750
pittsburgh,20129
pittsburgh,11372
pittsburgh,24283
pittsburgh,3813
pittsburgh,6215
pittsburgh,48957
pittsburgh,21040
pittsburgh,40029
pittsburgh,25937
pittsburgh,30981
pittsburgh,2080
pittsburgh,57129
pittsburgh,12641
pittsburgh,52252
pittsburgh,18758
pittsburgh,25470
pittsburgh,27646
pittsburgh,20685
pittsburgh,33405
pittsburgh,43154
pittsburgh,31296
pittsburgh,52193
pittsburgh,48808
pittsburgh,27050
pittsburgh,17223
pittsburgh,45534
pittsburgh,13578
pittsburgh,45330
pittsburgh,37779
pittsburgh,46776
pittsburgh,3715
pittsburgh,55563
pittsburgh,268
pittsburgh,33254
pittsburgh,31648
pittsburgh,51567
pittsburgh,15531
pittsburgh,23866
pittsburgh,18849
pittsburgh,23102
pittsburgh,27538
pittsburgh,11828
pittsburgh,21710
pittsburgh,11580
pittsburgh,39476
pittsburgh,52224
pittsburgh,34247
pittsburgh,37462
pittsburgh,52883
pittsburgh,8152
pittsburgh,18655
pittsburgh,19330
pittsburgh,50157
pittsburgh,16348
pittsburgh,43145
pittsburgh,10323
pittsburgh,57964
pittsburgh,49843
pittsburgh,18884
pittsburgh,36064
pittsburgh,30361
pittsburgh,16499
pittsburgh,37088
pittsburgh,43618
pittsburgh,37006
pittsburgh,21288
pittsburgh,47613
pittsburgh,16714
pittsburgh,11137
pittsburgh,27785
pittsburgh,46243
pittsburgh,7121
pittsburgh,48572
pittsburgh,33764
pittsburgh,46070
pittsburgh,38843
pittsburgh,27289
pittsburgh,7870
pittsburgh,38486
pittsburgh,9704
pittsburgh,44920
pittsburgh,41822
pittsburgh,23393
pittsburgh,20418
pittsburgh,50283
pittsburgh,2784
pittsburgh,22716
pittsburgh,1166
pittsburgh,17852
pittsburgh,24932
pittsburgh,41834
pittsburgh,56909
pittsburgh,45293
pittsburgh,2808
pittsburgh,46194
pittsburgh,50241
pittsburgh,7801
pittsburgh,41552
pittsburgh,40541
pittsburgh,1398
pittsburgh,44232
pittsburgh,41299
pittsburgh,49875
pittsburgh,45475
pittsburgh,6192
pittsburgh,44171
pittsburgh,52845
pittsburgh,37016
pittsburgh,16394
pittsburgh,54287
pittsburgh,15676
pittsburgh,56672
pittsburgh,6322
pittsburgh,11105
pittsburgh,3489
pittsburgh,52437
pittsburgh,15030
pittsburgh,3419
pittsburgh,10964
pittsburgh,2722
pittsburgh,19670
pittsburgh,19851
pittsburgh,36946
pittsburgh,11150
pittsburgh,19414
pittsburgh,21713
pittsburgh,36886
pittsburgh,14740
pittsburgh,12129
pittsburgh,1062
pittsburgh,8334
pittsburgh,21340
pittsburgh,29642
pittsburgh,33449
pittsburgh,50105
pittsburgh,27673
pittsburgh,10173
pittsburgh,4890
pittsburgh,10238
pittsburgh,44828
pittsburgh,29619
pittsburgh,8945
pittsburgh,38485
pittsburgh,19944
pittsburgh,35236
pittsburgh,54842
pittsburgh,48350
pittsburgh,29653
pittsburgh,9113
pittsburgh,50431
pittsburgh,22872
pittsburgh,1405
pittsburgh,20397
pittsburgh,22680
pittsburgh,56448
pittsburgh,31450
pittsburgh,4633
pittsburgh,51533
pittsburgh,50544
pittsburgh,8928
pittsburgh,22659
pittsburgh,45059
pittsburgh,44136
pittsburgh,55181
pittsburgh,21918
pittsburgh,34076
pittsburgh,34359
pittsburgh,36239
pittsburgh,4750
pittsburgh,17062
pittsburgh,49813
pittsburgh,26477
pittsburgh,18152
pittsburgh,27421
pittsburgh,57380
pittsburgh,37935
pittsburgh,49695
pittsburgh,55964
pittsburgh,14908
pittsburgh,51146
pittsburgh,45923
pittsburgh,25322
pittsburgh,42960
pittsburgh,12480
pittsburgh,56098
pittsburgh,45907
pittsburgh,3985
pittsburgh,26762
pittsburgh,9495
pittsburgh,26079
pittsburgh,3961
pittsburgh,19250
pittsburgh,53175
pittsburgh,20337
pittsburgh,20648
pittsburgh,46975
pittsburgh,50430
pittsburgh,38755
pittsburgh,18128
pittsburgh,51320
pittsburgh,56972
pittsburgh,57144
pittsburgh,34036
pittsburgh,28351
pittsburgh,33034
pittsburgh,21129
pittsburgh,18789
pittsburgh,49677
pittsburgh,32005
pittsburgh,16567
pittsburgh,40768
pittsburgh,38865
pittsburgh,26943
pittsburgh,40886
pittsburgh,56903
pittsburgh,1293
pittsburgh,22139
pittsburgh,23904
pittsburgh,15365
pittsburgh,7643
pittsburgh,11907
pittsburgh,27560
pittsburgh,1566
pittsburgh,2529
pittsburgh,10984
pittsburgh,3628
pittsburgh,37418
pittsburgh,31880
pittsburgh,21490
pittsburgh,13960
pittsburgh,36579
pittsburgh,54533
pittsburgh,3846
pittsburgh,13532
pittsburgh,49900
pittsburgh,30669
pittsburgh,4449
pittsburgh,56993
pittsburgh,20033
pittsburgh,37563
pittsburgh,50838
pittsburgh,3638
pittsburgh,44534
pittsburgh,6042
pittsburgh,54817
pittsburgh,28343
pittsburgh,45573
pittsburgh,38816
pittsburgh,54115
pittsburgh,26502
pittsburgh,38206
pittsburgh,21795
pittsburgh,34122
pittsburgh,54682
pittsburgh,42627
pittsburgh,31765
pittsburgh,57399
pittsburgh,7707
pittsburgh,9314
pittsburgh,15912
pittsburgh,50604
pittsburgh,10743
pittsburgh,40033
pittsburgh,1751
pittsburgh,37203
pittsburgh,5730
pittsburgh,7206
pittsburgh,8690
pittsburgh,15288
pittsburgh,42917
pittsburgh,21886
pittsburgh,29920
pittsburgh,1240
pittsburgh,37787
pittsburgh,46266
pittsburgh,51225
pittsburgh,9059
pittsburgh,46831
pittsburgh,42126
pittsburgh,55589
pittsburgh,17804
pittsburgh,33927
pittsburgh,34500
pittsburgh,36215
pittsburgh,52749
pittsburgh,25649
pittsburgh,38564
pittsburgh,22163
pittsburgh,51617
pittsburgh,44969
pittsburgh,6051
pittsburgh,22840
pittsburgh,31952
pittsburgh,36613
pittsburgh,4401
pittsburgh,37881
pittsburgh,29419
pittsburgh,35593
pittsburgh,23599
pittsburgh,7971
pittsburgh,30335
pittsburgh,56706
pittsburgh,13309
pittsburgh,48313
pittsburgh,10044
pittsburgh,47202
pittsburgh,27482
pittsburgh,10338
pittsburgh,110
pittsburgh,17213
pittsburgh,54280
pittsburgh,56597
pittsburgh,33457
pittsburgh,3363
pittsburgh,57698
pittsburgh,56183
pittsburgh,20454
pittsburgh,30640
pittsburgh,31426
pittsburgh,13308
pittsburgh,5088
pittsburgh,3761
pittsburgh,34973
pittsburgh,5347
pittsburgh,38738
pittsburgh,23123
pittsburgh,56257
pittsburgh,3727
pittsburgh,45933
pittsburgh,1894
pittsburgh,10798
pittsburgh,40950
pittsburgh,3699
pittsburgh,30824
pittsburgh,11999
pittsburgh,56957
pittsburgh,25514
pittsburgh,36198
pittsburgh,52284
pittsburgh,20674
pittsburgh,9544
pittsburgh,5205
pittsburgh,49577
pittsburgh,56132
pittsburgh,40124
pittsburgh,33242
pittsburgh,10874
pittsburgh,45371
pittsburgh,26615
pittsburgh,21162
pittsburgh,50979
pittsburgh,19662
pittsburgh,13193
pittsburgh,42516
pittsburgh,10849
pittsburgh,36411
pittsburgh,29433
pittsburgh,53297
pittsburgh,7929
pittsburgh,21867
pittsburgh,21586
pittsburgh,41033
pittsburgh,26416
pittsburgh,23409
pittsburgh,54367
pittsburgh,16865
pittsburgh,33745
pittsburgh,31425
pittsburgh,10760
pittsburgh,2122
pittsburgh,13546
pittsburgh,23919
pittsburgh,14267
pittsburgh,51191
pittsburgh,54714
pittsburgh,37986
pittsburgh,630
pittsburgh,12808
pittsburgh,28059
pittsburgh,36304
pittsburgh,54895
pittsburgh,12350
pittsburgh,36850
pittsburgh,1603
pittsburgh,43279
pittsburgh,45019
pittsburgh,47969
pittsburgh,18185
pittsburgh,38762
pittsburgh,57807
pittsburgh,15261
pittsburgh,51390
pittsburgh,23914
pittsburgh,2394
pittsburgh,41587
pittsburgh,28996
pittsburgh,43259
pittsburgh,4946
pittsburgh,7561
pittsburgh,42692
pittsburgh,51674
pittsburgh,29271
pittsburgh,53879
pittsburgh,7162
pittsburgh,35776
pittsburgh,11848
pittsburgh,14233
pittsburgh,6515
pittsburgh,21239
pittsburgh,44041
pittsburgh,33627
pittsburgh,27733
pittsburgh,11419
pittsburgh,55700
pittsburgh,39293
pittsburgh,46903
pittsburgh,12612
pittsburgh,51159
pittsburgh,56801
pittsburgh,5801
pittsburgh,55047
pittsburgh,55632
pittsburgh,28660
pittsburgh,45936
pittsburgh,35197
pittsburgh,28326
pittsburgh,53372
pittsburgh,38671
pittsburgh,51010
pittsburgh,48424
pittsburgh,36571
pittsburgh,7309
pittsburgh,45285
pittsburgh,30236
pittsburgh,49011
pittsburgh,48262
pittsburgh,40745
pittsburgh,27256
pittsburgh,57315
pittsburgh,55861
pittsburgh,53563
pittsburgh,45277
pittsburgh,6857
pittsburgh,40505
pittsburgh,17017
pittsburgh,53863
pittsburgh,809
pittsburgh,46527
pittsburgh,30763
pittsburgh,20579
pittsburgh,11605
pittsburgh,23859
pittsburgh,45618
pittsburgh,24875
pittsburgh,28641
pittsburgh,54262
pittsburgh,11420
pittsburgh,52257
pittsburgh,39282
pittsburgh,17246
pittsburgh,7745
pittsburgh,25960
pittsburgh,42859
pittsburgh,13875
pittsburgh,35293
pittsburgh,45157
pittsburgh,23066
pittsburgh,34975
pittsburgh,52322
pittsburgh,35732
pittsburgh,18147
pittsburgh,26498
pittsburgh,36214
pittsburgh,49660
pittsburgh,29629
pittsburgh,37111
pittsburgh,28452
pittsburgh,42914
pittsburgh,47369
pittsburgh,30137
pittsburgh,16891
pittsburgh,43072
pittsburgh,2306
pittsburgh,31719
pittsburgh,21983
pittsburgh,38812
pittsburgh,19567
pittsburgh,49770
pittsburgh,9798
pittsburgh,2419
pittsburgh,35253
pittsburgh,36253
pittsburgh,19105
pittsburgh,43229
pittsburgh,44896
pittsburgh,37407
pittsburgh,22093
pittsburgh,13037
pittsburgh,50365
pittsburgh,55891
pittsburgh,13819
pittsburgh,6342
pittsburgh,13782
pittsburgh,2689
pittsburgh,40064
pittsburgh,12359
pittsburgh,46522
pittsburgh,31821
pittsburgh,27682
pittsburgh,17604
pittsburgh,51982
pittsburgh,56915
pittsburgh,29828
pittsburgh,10466
pittsburgh,18061
pittsburgh,35959
pittsburgh,3182
pittsburgh,26233
pittsburgh,9264
pittsburgh,30116
pittsburgh,27721
pittsburgh,25245
pittsburgh,45094
pittsburgh,7448
pittsburgh,24890
pittsburgh,34119
pittsburgh,6893
pittsburgh,18721
pittsburgh,42411
pittsburgh,4635
pittsburgh,54114
pittsburgh,34234
pittsburgh,11057
pittsburgh,12068
pittsburgh,41365
pittsburgh,44701
pittsburgh,40374
pittsburgh,9995
pittsburgh,36707
pittsburgh,40291
pittsburgh,47216
pittsburgh,44395
pittsburgh,25167
pittsburgh,35986
pittsburgh,50440
pittsburgh,35166
pittsburgh,52528
pittsburgh,38298
pittsburgh,41629
pittsburgh,12730
pittsburgh,30369
pittsburgh,12069
pittsburgh,26201
pittsburgh,47391
pittsburgh,46724
pittsburgh,54783
pittsburgh,45175
pittsburgh,6199
pittsburgh,47716
pittsburgh,16845
pittsburgh,7425
pittsburgh,25860
pittsburgh,7927
pittsburgh,24354
pittsburgh,10436
pittsburgh,22846
pittsburgh,31977
pittsburgh,552
pittsburgh,51467
pittsburgh,14986
pittsburgh,47565
pittsburgh,38347
pittsburgh,54753
pittsburgh,10136
pittsburgh,20034
pittsburgh,26044
pittsburgh,47691
pittsburgh,1386
pittsburgh,30356
pittsburgh,2770
pittsburgh,15628
pittsburgh,57616
pittsburgh,43745
pittsburgh,40727
pittsburgh,37142
pittsburgh,46985
pittsburgh,25811
pittsburgh,28240
pittsburgh,47382
pittsburgh,17286
pittsburgh,31650
pittsburgh,53547
pittsburgh,39379
pittsburgh,52532
pittsburgh,16701
pittsburgh,54439
pittsburgh,51272
pittsburgh,10477
pittsburgh,38198
pittsburgh,7116
pittsburgh,54339
pittsburgh,32913
pittsburgh,38501
pittsburgh,1049
pittsburgh,40330
pittsburgh,34599
pittsburgh,39546
pittsburgh,43432
pittsburgh,13662
pittsburgh,56565
pittsburgh,2175
pittsburgh,22639
pittsburgh,56461
pittsburgh,23555
pittsburgh,50737
pittsburgh,12652
pittsburgh,8663
pittsburgh,18755
pittsburgh,19675
pittsburgh,41773
pittsburgh,8347
pittsburgh,9628
pittsburgh,15260
pittsburgh,54510
pittsburgh,13809
pittsburgh,13482
pittsburgh,408
pittsburgh,56192
pittsburgh,46187
pittsburgh,3763
pittsburgh,4583
pittsburgh,16122
pittsburgh,35928
pittsburgh,54587
pittsburgh,29608
pittsburgh,11925
pittsburgh,42326
pittsburgh,50023
pittsburgh,17263
pittsburgh,28632
pittsburgh,55196
pittsburgh,54816
pittsburgh,46548
pittsburgh,9485
pittsburgh,21035
pittsburgh,50398
pittsburgh,8709
pittsburgh,46815
pittsburgh,57617
pittsburgh,25799
pittsburgh,19412
pittsburgh,32014
pittsburgh,10872
pittsburgh,47798
pittsburgh,14340
pittsburgh,2892
pittsburgh,35648
pittsburgh,7380
pittsburgh,51292
pittsburgh,23391
pittsburgh,18706
pittsburgh,40900
pittsburgh,23659
pittsburgh,6690
pittsburgh,27229
pittsburgh,49896
pittsburgh,16463
pittsburgh,2848
pittsburgh,40251
pittsburgh,23097
pittsburgh,7183
pittsburgh,31762
pittsburgh,17394
pittsburgh,2959
pittsburgh,17217
pittsburgh,9369
pittsburgh,44670
pittsburgh,8380
pittsburgh,21579
pittsburgh,7703
pittsburgh,287
pittsburgh,31565
pittsburgh,7790
pittsburgh,48930
pittsburgh,57929
pittsburgh,3486
pittsburgh,9032
pittsburgh,26060
pittsburgh,23760
pittsburgh,34971
pittsburgh,22664
pittsburgh,54927
pittsburgh,37179
pittsburgh,38016
pittsburgh,25570
pittsburgh,10022
pittsburgh,46931
pittsburgh,40362
pittsburgh,57939
pittsburgh,16651
pittsburgh,38197
pittsburgh,13772
pittsburgh,46615
pittsburgh,45562
pittsburgh,5883
pittsburgh,2650
pittsburgh,3138
pittsburgh,43535
pittsburgh,25828
pittsburgh,4503
pittsburgh,7874
pittsburgh,24018
pittsburgh,4533
pittsburgh,48618
pittsburgh,14573
pittsburgh,17707
pittsburgh,2079
pittsburgh,17261
pittsburgh,29257
pittsburgh,27882
pittsburgh,30120
pittsburgh,27600
pittsburgh,28939
pittsburgh,12769
pittsburgh,50
pittsburgh,17956
pittsburgh,21618
pittsburgh,49755
pittsburgh,17780
pittsburgh,57555
pittsburgh,41576
pittsburgh,20762
pittsburgh,57944
pittsburgh,5463
pittsburgh,17433
pittsburgh,17200
pittsburgh,3112
pittsburgh,25184
pittsburgh,57185
pittsburgh,26773
pittsburgh,41932
pittsburgh,34464
pittsburgh,47477
pittsburgh,27102
pittsburgh,17895
pittsburgh,8186
pittsburgh,3742
pittsburgh,43854
pittsburgh,30920
pittsburgh,5879
pittsburgh,21693
pittsburgh,42444
pittsburgh,39552
pittsburgh,55101
pittsburgh,46896
pittsburgh,55528
pittsburgh,40946
pittsburgh,53756
pittsburgh,35256
pittsburgh,16511
pittsburgh,30516
pittsburgh,47173
pittsburgh,34799
pittsburgh,30995
pittsburgh,19470
pittsburgh,6649
pittsburgh,5496
pittsburgh,12737
pittsburgh,31290
pittsburgh,33650
pittsburgh,51918
pittsburgh,30410
pittsburgh,51101
pittsburgh,44252
pittsburgh,35609
pittsburgh,6486
pittsburgh,57260
pittsburgh,45379
pittsburgh,28874
pittsburgh,14748
pittsburgh,31010
pittsburgh,1065
pittsburgh,1022
pittsburgh,13365
pittsburgh,16048
pittsburgh,14691
pittsburgh,47720
pittsburgh,3061
pittsburgh,15688
pittsburgh,18341
pittsburgh,15119
pittsburgh,41156
pittsburgh,84
pittsburgh,6507
pittsburgh,25839
pittsburgh,26451
pittsburgh,23764
pittsburgh,28
pittsburgh,39967
pittsburgh,12125
pittsburgh,51043
pittsburgh,26422
pittsburgh,24764
pittsburgh,13581
pittsburgh,49144
pittsburgh,2051
pittsburgh,26612
pittsburgh,35871
pittsburgh,30383
pittsburgh,55564
pittsburgh,53772
pittsburgh,48017
pittsburgh,10185
pittsburgh,9752
pittsburgh,4355
pittsburgh,42995
pittsburgh,49185
pittsburgh,23937
pittsburgh,15474
pittsburgh,13172
pittsburgh,8343
pittsburgh,48211
pittsburgh,20569
pittsburgh,12209
pittsburgh,3018
pittsburgh,11111
pittsburgh,23092
pittsburgh,11076
pittsburgh,50001
pittsburgh,18933
pittsburgh,5480
pittsburgh,49171
pittsburgh,41550
pittsburgh,52373
pittsburgh,5943
pittsburgh,19831
pittsburgh,55297
pittsburgh,52696
pittsburgh,30719
pittsburgh,29468
pittsburgh,50059
pittsburgh,34466
pittsburgh,12445
pittsburgh,32285
pittsburgh,9455
pittsburgh,32206
pittsburgh,30052
pittsburgh,1880
pittsburgh,49189
pittsburgh,24713
pittsburgh,29010
pittsburgh,32564
pittsburgh,46198
pittsburgh,2295
pittsburgh,52579
pittsburgh,29007
pittsburgh,22173
pittsburgh,36246
pittsburgh,11427
pittsburgh,5526
pittsburgh,6539
pittsburgh,20878
pittsburgh,16261
pittsburgh,37540
pittsburgh,37664
pittsburgh,28020
pittsburgh,53083
pittsburgh,39134
pittsburgh,20427
pittsburgh,12643
pittsburgh,53674
pittsburgh,144
pittsburgh,23173
pittsburgh,54798
pittsburgh,46830
pittsburgh,35827
pittsburgh,41352
pittsburgh,38348
pittsburgh,22982
pittsburgh,7963
pittsburgh,44263
pittsburgh,6484
pittsburgh,55052
pittsburgh,13525
pittsburgh,49384
pittsburgh,50456
pittsburgh,17115
pittsburgh,53828
pittsburgh,14751
pittsburgh,18666
pittsburgh,12510
pittsburgh,36519
pittsburgh,1986
pittsburgh,57923
pittsburgh,27276
pittsburgh,23633
pittsburgh,33667
pittsburgh,20842
pittsburgh,6390
pittsburgh,33766
pittsburgh,5444
pittsburgh,5858
pittsburgh,30377
pittsburgh,30800
pittsburgh,26966
pittsburgh,50602
pittsburgh,24170
pittsburgh,20912
pittsburgh,46259
pittsburgh,30588
pittsburgh,17866
pittsburgh,4515
pittsburgh,9658
pittsburgh,40478
pittsburgh,41635
pittsburgh,9956
pittsburgh,48856
pittsburgh,49526
pittsburgh,12353
pittsburgh,57426
pittsburgh,38315
pittsburgh,7666
pittsburgh,33750
pittsburgh,49579
pittsburgh,34375
pittsburgh,29724
pittsburgh,39124
pittsburgh,1185
pittsburgh,37566
pittsburgh,53753
pittsburgh,32169
pittsburgh,51604
pittsburgh,12247
pittsburgh,32842
pittsburgh,5691
pittsburgh,50026
pittsburgh,27643
pittsburgh,37019
pittsburgh,43100
pittsburgh,56445
pittsburgh,57638
pittsburgh,35742
pittsburgh,43725
pittsburgh,17916
pittsburgh,48511
pittsburgh,36596
pittsburgh,46395
pittsburgh,54521
pittsburgh,40049
pittsburgh,49214
pittsburgh,15860
pittsburgh,30330
pittsburgh,4289
pittsburgh,23636
pittsburgh,8143
pittsburgh,54107
pittsburgh,24819
pittsburgh,31392
pittsburgh,45565
pittsburgh,27457
pittsburgh,27759
pittsburgh,5886
pittsburgh,12818
pittsburgh,35663
pittsburgh,44558
pittsburgh,35531
pittsburgh,32920
pittsburgh,19368
pittsburgh,30504
pittsburgh,39407
pittsburgh,28572
pittsburgh,42004
pittsburgh,47240
pittsburgh,7694
pittsburgh,41230
pittsburgh,36248
pittsburgh,40386
pittsburgh,27793
pittsburgh,52091
pittsburgh,8480
pittsburgh,14864
pittsburgh,42520
pittsburgh,35551
pittsburgh,578
pittsburgh,8328
pittsburgh,26783
pittsburgh,27172
pittsburgh,31156
pittsburgh,43612
pittsburgh,27190
pittsburgh,6680
pittsburgh,47408
pittsburgh,12459
pittsburgh,19221
pittsburgh,46891
pittsburgh,28867
pittsburgh,35859
pittsburgh,9732
pittsburgh,27322
pittsburgh,6532
pittsburgh,14602
pittsburgh,24935
pittsburgh,33432
pittsburgh,28887
pittsburgh,53230
pittsburgh,46141
pittsburgh,13494
pittsburgh,49236
pittsburgh,8118
pittsburgh,4646
pittsburgh,35319
pittsburgh,42391
pittsburgh,27077
pittsburgh,29757
pittsburgh,19422
pittsburgh,53634
pittsburgh,4362
pittsburgh,21966
pittsburgh,17745
pittsburgh,14477
pittsburgh,50222
pittsburgh,46124
pittsburgh,15178
pittsburgh,34886
pittsburgh,45646
pittsburgh,2714
pittsburgh,37434
pittsburgh,56607
pittsburgh,811
pittsburgh,2490
pittsburgh,45081
pittsburgh,34678
pittsburgh,9231
pittsburgh,30839
pittsburgh,56015
pittsburgh,13576
pittsburgh,38513
pittsburgh,46712
pittsburgh,43490
pittsburgh,11502
pittsburgh,18340
pittsburgh,37828
pittsburgh,15438
pittsburgh,31784
pittsburgh,24813
pittsburgh,35509
pittsburgh,45553
pittsburgh,39978
pittsburgh,42985
pittsburgh,10626
pittsburgh,14567
pittsburgh,51153
pittsburgh,1100
pittsburgh,29044
pittsburgh,23468
pittsburgh,45672
pittsburgh,11014
pittsburgh,22584
pittsburgh,26001
pittsburgh,52253
pittsburgh,14704
pittsburgh,29432
pittsburgh,34349
pittsburgh,36907
pittsburgh,43547
pittsburgh,45740
pittsburgh,23596
pittsburgh,13962
pittsburgh,26421
pittsburgh,27160
pittsburgh,46688
pittsburgh,31029
pittsburgh,22781
pittsburgh,41488
pittsburgh,43290
pittsburgh,6260
pittsburgh,4608
pittsburgh,32459
pittsburgh,49812
pittsburgh,26874
pittsburgh,53069
pittsburgh,42365
pittsburgh,40027
pittsburgh,1915
pittsburgh,53200
pittsburgh,4058
pittsburgh,44725
pittsburgh,56392
pittsburgh,24184
pittsburgh,19745
pittsburgh,21443
pittsburgh,41846
pittsburgh,36277
pittsburgh,39895
pittsburgh,40130
pittsburgh,30642
pittsburgh,11649
pittsburgh,54999
pittsburgh,47362
pittsburgh,48576
pittsburgh,32890
pittsburgh,6089
pittsburgh,11006
pittsburgh,29274
pittsburgh,40792
pittsburgh,40600
pittsburgh,53313
pittsburgh,15547
pittsburgh,54668
pittsburgh,28153
pittsburgh,34550
pittsburgh,4746
pittsburgh,46319
pittsburgh,7917
pittsburgh,3
pittsburgh,43611
pittsburgh,45462
pittsburgh,14695
pittsburgh,31406
pittsburgh,36190
pittsburgh,32063
pittsburgh,48950
pittsburgh,22581
pittsburgh,13361
pittsburgh,39431
pittsburgh,32756
pittsburgh,28233
pittsburgh,41235
pittsburgh,27019
pittsburgh,51681
pittsburgh,42843
pittsburgh,41088
pittsburgh,49119
pittsburgh,36828
pittsburgh,57618
pittsburgh,20286
pittsburgh,31597
pittsburgh,48771
pittsburgh,9221
pittsburgh,16303
pittsburgh,148
pittsburgh,45780
pittsburgh,51224
pittsburgh,55657
pittsburgh,36745
pittsburgh,53733
pittsburgh,34261
pittsburgh,1414
pittsburgh,53877
pittsburgh,9662
pittsburgh,52572
pittsburgh,24070
pittsburgh,41601
pittsburgh,9378
pittsburgh,28620
pittsburgh,16976
pittsburgh,37596
pittsburgh,15184
pittsburgh,16778
pittsburgh,1495
pittsburgh,34708
pittsburgh,42612
pittsburgh,1584
pittsburgh,8068
pittsburgh,10330
pittsburgh,38290
pittsburgh,23251
pittsburgh,36250
pittsburgh,42675
pittsburgh,41520
pittsburgh,8578
pittsburgh,251
pittsburgh,1824
pittsburgh,21511
pittsburgh,43782
pittsburgh,37720
pittsburgh,40388
pittsburgh,30902
pittsburgh,20167
pittsburgh,17856
pittsburgh,39425
pittsburgh,35679
pittsburgh,21048
pittsburgh,37200
pittsburgh,54271
pittsburgh,16533
pittsburgh,19523
pittsburgh,35155
pittsburgh,44455
pittsburgh,35002
pittsburgh,7043
pittsburgh,14911
pittsburgh,55137
pittsburgh,14247
pittsburgh,32336
pittsburgh,17342
pittsburgh,9053
pittsburgh,4056
pittsburgh,1111
pittsburgh,8555
pittsburgh,41045
pittsburgh,4604
pittsburgh,22673
pittsburgh,41378
pittsburgh,25316
pittsburgh,47901
pittsburgh,11547
pittsburgh,3053
pittsburgh,39477
pittsburgh,21948
pittsburgh,16786
pittsburgh,36851
pittsburgh,5380
pittsburgh,28695
pittsburgh,29773
pittsburgh,43188
pittsburgh,10416
pittsburgh,53275
pittsburgh,27829
pittsburgh,7012
pittsburgh,56089
pittsburgh,11252
pittsburgh,45171
pittsburgh,1732
pittsburgh,33840
pittsburgh,1873
pittsburgh,40627
pittsburgh,32473
pittsburgh,37355
pittsburgh,373
pittsburgh,51057
pittsburgh,5810
pittsburgh,41440
pittsburgh,46424
pittsburgh,29563
pittsburgh,42071
pittsburgh,25186
pittsburgh,36155
pittsburgh,7088
pittsburgh,52996
pittsburgh,48400
pittsburgh,41642
pittsburgh,30189
pittsburgh,39782
pittsburgh,49619
pittsburgh,46516
pittsburgh,23239
pittsburgh,45505
pittsburgh,51709
pittsburgh,7833
pittsburgh,29610
pittsburgh,19743
pittsburgh,20350
pittsburgh,52857
pittsburgh,45008
pittsburgh,36136
pittsburgh,51778
pittsburgh,13722
pittsburgh,34386
pittsburgh,27531
pittsburgh,10164
pittsburgh,35893
pittsburgh,41623
pittsburgh,43085
pittsburgh,52296
pittsburgh,53984
pittsburgh,50191
pittsburgh,26118
pittsburgh,7579
pittsburgh,2368
pittsburgh,30387
pittsburgh,4394
pittsburgh,12992
pittsburgh,19592
pittsburgh,12744
pittsburgh,15348
pittsburgh,46609
pittsburgh,1836
pittsburgh,5564
pittsburgh,57558
pittsburgh,12328
pittsburgh,32653
pittsburgh,52658
pittsburgh,14892
pittsburgh,50092
pittsburgh,9855
pittsburgh,35116
pittsburgh,27890
pittsburgh,57143
pittsburgh,31895
pittsburgh,13489
pittsburgh,19471
pittsburgh,21844
pittsburgh,11607
pittsburgh,5005
pittsburgh,37622
pittsburgh,35870
pittsburgh,40416
pittsburgh,3744
pittsburgh,9919
pittsburgh,8147
pittsburgh,35265
pittsburgh,23816
pittsburgh,44664
pittsburgh,35869
pittsburgh,4368
pittsburgh,53591
pittsburgh,27279
pittsburgh,28649
pittsburgh,20551
pittsburgh,46405
pittsburgh,3224
pittsburgh,8049
pittsburgh,37343
pittsburgh,54133
pittsburgh,26630
pittsburgh,7366
pittsburgh,52190
pittsburgh,22108
pittsburgh,14683
pittsburgh,21204
pittsburgh,8098
pittsburgh,55567
pittsburgh,12485
pittsburgh,23965
pittsburgh,18374
pittsburgh,22171
pittsburgh,6756
pittsburgh,29537
pittsburgh,26900
pittsburgh,36976
pittsburgh,21716
pittsburgh,51534
pittsburgh,18461
pittsburgh,361
pittsburgh,2482
pittsburgh,35502
pittsburgh,30847
pittsburgh,5268
pittsburgh,22701
pittsburgh,9367
pittsburgh,3439
pittsburgh,54249
pittsburgh,5219
pittsburgh,4990
pittsburgh,23309
pittsburgh,5912
pittsburgh,35007
pittsburgh,16380
pittsburgh,31843
pittsburgh,32297
pittsburgh,57259
pittsburgh,24640
pittsburgh,42920
pittsburgh,3218
pittsburgh,30689
pittsburgh,44575
pittsburgh,44974
pittsburgh,37704
pittsburgh,51268
pittsburgh,41880
pittsburgh,45736
pittsburgh,27909
pittsburgh,54904
pittsburgh,14610
pittsburgh,26039
pittsburgh,12222
pittsburgh,34729
pittsburgh,45238
pittsburgh,36684
pittsburgh,1820
pittsburgh,24432
pittsburgh,28992
pittsburgh,12958
pittsburgh,4671
pittsburgh,24214
pittsburgh,8012
pittsburgh,24556
pittsburgh,14126
pittsburgh,2372
pittsburgh,3462
pittsburgh,49862
pittsburgh,20084
pittsburgh,13774
pittsburgh,28188
pittsburgh,55539
pittsburgh,52905
pittsburgh,55705
pittsburgh,46427
pittsburgh,47995
pittsburgh,36949
pittsburgh,57683
pittsburgh,10344
pittsburgh,9439
pittsburgh,17555
pittsburgh,9458
pittsburgh,16018
pittsburgh,56689
pittsburgh,29588
pittsburgh,17941
pittsburgh,20336
pittsburgh,36313
pittsburgh,52390
pittsburgh,16384
pittsburgh,43155
pittsburgh,57991
pittsburgh,50988
pittsburgh,6054
pittsburgh,27385
pittsburgh,13166
pittsburgh,54673
pittsburgh,44103
pittsburgh,10863
pittsburgh,42079
pittsburgh,25075
pittsburgh,19642
pittsburgh,25403
pittsburgh,31459
pittsburgh,38583
pittsburgh,23088
pittsburgh,40141
pittsburgh,28794
pittsburgh,36829
pittsburgh,12920
pittsburgh,56816
pittsburgh,19212
pittsburgh,30401
pittsburgh,38309
pittsburgh,1687
pittsburgh,30454
pittsburgh,39439
pittsburgh,8549
pittsburgh,6606
pittsburgh,26617
pittsburgh,6425
pittsburgh,17660
pittsburgh,43844
pittsburgh,53570
pittsburgh,46087
pittsburgh,1629
pittsburgh,22463
pittsburgh,23550
pittsburgh,33953
pittsburgh,11212
pittsburgh,12682
pittsburgh,34557
pittsburgh,54214
pittsburgh,19894
pittsburgh,35954
pittsburgh,26548
pittsburgh,21351
pittsburgh,15931
pittsburgh,24624
pittsburgh,45252
pittsburgh,18571
pittsburgh,17690
pittsburgh,56615
pittsburgh,16965
pittsburgh,54834
pittsburgh,4149
pittsburgh,18886
pittsburgh,18424
pittsburgh,20789
pittsburgh,41437
pittsburgh,19116
pittsburgh,42725
pittsburgh,3709
pittsburgh,16416
pittsburgh,56577
pittsburgh,22196
pittsburgh,28182
pittsburgh,11337
pittsburgh,49467
pittsburgh,31367
pittsburgh,49161
pittsburgh,1015
pittsburgh,19449
pittsburgh,13359
pittsburgh,40716
pittsburgh,12953
pittsburgh,23830
pittsburgh,8546
pittsburgh,5716
pittsburgh,29126
pittsburgh,28084
pittsburgh,29831
pittsburgh,26373
pittsburgh,25866
pittsburgh,18831
pittsburgh,26315
pittsburgh,20166
pittsburgh,48932
pittsburgh,45655
pittsburgh,15847
pittsburgh,18469
pittsburgh,19744
pittsburgh,12413
pittsburgh,37950
pittsburgh,12513
pittsburgh,52189
pittsburgh,32020
pittsburgh,23185
pittsburgh,15729
pittsburgh,13330
pittsburgh,41781
pittsburgh,21679
pittsburgh,35916
pittsburgh,29879
pittsburgh,17893
pittsburgh,33655
pittsburgh,37554
pittsburgh,20683
pittsburgh,45060
pittsburgh,36254
pittsburgh,7232
pittsburgh,53160
pittsburgh,57272
pittsburgh,55947
pittsburgh,30548
pittsburgh,27803
pittsburgh,198
pittsburgh,21527
pittsburgh,2217
pittsburgh,49480
pittsburgh,23112
pittsburgh,23567
pittsburgh,1886
pittsburgh,53556
pittsburgh,8718
pittsburgh,41597
pittsburgh,24360
pittsburgh,47122
pittsburgh,35812
pittsburgh,14594
pittsburgh,5447
pittsburgh,42421
pittsburgh,27145
pittsburgh,28621
pittsburgh,52985
pittsburgh,8151
pittsburgh,37195
pittsburgh,28085
pittsburgh,17013
pittsburgh,50794
pittsburgh,18581
pittsburgh,18376
pittsburgh,23275
pittsburgh,15779
pittsburgh,9865
pittsburgh,32328
pittsburgh,9009
pittsburgh,7627
pittsburgh,14254
pittsburgh,2145
pittsburgh,14620
pittsburgh,57237
pittsburgh,47789
pittsburgh,12412
pittsburgh,8747
pittsburgh,46778
pittsburgh,22279
pittsburgh,51169
pittsburgh,13353
pittsburgh,50533
pittsburgh,17539
pittsburgh,3916
pittsburgh,53438
pittsburgh,55319
pittsburgh,8738
pittsburgh,9353
pittsburgh,27609
pittsburgh,49710
pittsburgh,50358
pittsburgh,26892
pittsburgh,35175
pittsburgh,54650
pittsburgh,39529
pittsburgh,17542
pittsburgh,16208
pittsburgh,13107
pittsburgh,46956
pittsburgh,9547
pittsburgh,23857
pittsburgh,47360
pittsburgh,24338
pittsburgh,10127
pittsburgh,14939
pittsburgh,50122
pittsburgh,3545
pittsburgh,39259
pittsburgh,41375
pittsburgh,9477
pittsburgh,5085
pittsburgh,50579
pittsburgh,16434
pittsburgh,52738
pittsburgh,15273
pittsburgh,26830
pittsburgh,11042
pittsburgh,38650
pittsburgh,23461
pittsburgh,2429
pittsburgh,22110
pittsburgh,31051
pittsburgh,43232
pittsburgh,21953
pittsburgh,28503
pittsburgh,20128
pittsburgh,34650
pittsburgh,31737
pittsburgh,37497
pittsburgh,10998
pittsburgh,23295
pittsburgh,40864
pittsburgh,11260
pittsburgh,35759
pittsburgh,1534
pittsburgh,39207
pittsburgh,18535
pittsburgh,32638
pittsburgh,22605
pittsburgh,39449
pittsburgh,28933
pittsburgh,44340
pittsburgh,263
pittsburgh,51736
pittsburgh,20576
pittsburgh,55678
pittsburgh,28564
pittsburgh,48911
pittsburgh,9996
pittsburgh,52425
pittsburgh,28393
pittsburgh,30739
pittsburgh,40104
pittsburgh,55313
pittsburgh,45886
pittsburgh,29545
pittsburgh,36222
pittsburgh,39517
pittsburgh,19767
pittsburgh,10577
pittsburgh,10388
pittsburgh,4271
pittsburgh,2033
pittsburgh,36296
pittsburgh,50447
pittsburgh,46053
pittsburgh,37913
pittsburgh,5317
pittsburgh,1173
pittsburgh,21782
pittsburgh,44536
pittsburgh,22859
pittsburgh,33852
pittsburgh,10125
pittsburgh,22331
pittsburgh,19003
pittsburgh,46381
pittsburgh,53397
pittsburgh,39654
pittsburgh,26357
pittsburgh,20199
pittsburgh,32337
pittsburgh,32822
pittsburgh,11753
pittsburgh,36283
pittsburgh,34200
pittsburgh,51322
pittsburgh,36587
pittsburgh,33808
pittsburgh,16104
pittsburgh,53535
pittsburgh,42776
pittsburgh,10898
pittsburgh,27277
pittsburgh,32581
pittsburgh,16385
pittsburgh,32506
pittsburgh,38892
pittsburgh,33651
pittsburgh,20130
pittsburgh,26463
pittsburgh,10808
pittsburgh,17793
pittsburgh,22827
pittsburgh,26292
pittsburgh,56143
pittsburgh,18604
pittsburgh,27181
pittsburgh,33923
pittsburgh,37318
pittsburgh,15873
pittsburgh,55435
pittsburgh,22514
pittsburgh,21246
pittsburgh,29213
pittsburgh,9632
pittsburgh,42446
pittsburgh,43026
pittsburgh,34502
pittsburgh,57431
pittsburgh,42341
pittsburgh,42425
pittsburgh,26730
pittsburgh,44219
pittsburgh,56573
pittsburgh,31684
pittsburgh,29265
pittsburgh,19809
pittsburgh,28324
pittsburgh,26717
pittsburgh,6530
pittsburgh,1649
pittsburgh,43590
pittsburgh,31068
pittsburgh,37585
pittsburgh,18299
pittsburgh,51678
pittsburgh,39255
pittsburgh,50905
pittsburgh,43221
pittsburgh,9899
pittsburgh,17090
pittsburgh,23893
pittsburgh,3163
pittsburgh,21561
pittsburgh,15204
pittsburgh,37211
pittsburgh,8740
pittsburgh,56067
pittsburgh,9392
pittsburgh,34520
pittsburgh,15605
pittsburgh,9470
pittsburgh,48851
pittsburgh,23195
pittsburgh,56995
pittsburgh,1802
pittsburgh,4889
pittsburgh,31625
pittsburgh,43391
pittsburgh,52470
pittsburgh,32445
pittsburgh,31759
pittsburgh,37444
pittsburgh,31235
pittsburgh,39295
pittsburgh,52079
pittsburgh,2793
pittsburgh,27458
pittsburgh,25341
pittsburgh,42385
pittsburgh,57001
pittsburgh,39062
pittsburgh,10905
pittsburgh,30953
pittsburgh,47425
pittsburgh,56759
pittsburgh,7003
pittsburgh,10607
pittsburgh,39121
pittsburgh,3951
pittsburgh,46652
pittsburgh,39501
pittsburgh,57490
pittsburgh,12718
pittsburgh,6068
pittsburgh,56650
pittsburgh,5446
pittsburgh,33594
pittsburgh,15846
pittsburgh,20787
pittsburgh,22116
pittsburgh,18361
pittsburgh,55315
pittsburgh,20626
pittsburgh,42817
pittsburgh,20798
pittsburgh,18586
pittsburgh,54717
pittsburgh,46721
pittsburgh,23519
pittsburgh,23331
pittsburgh,38985
pittsburgh,31199
pittsburgh,30551
pittsburgh,39227
pittsburgh,2849
pittsburgh,16996
pittsburgh,26957
pittsburgh,55510
pittsburgh,10661
pittsburgh,24299
pittsburgh,55324
pittsburgh,17545
pittsburgh,44990
pittsburgh,42215
pittsburgh,28325
pittsburgh,28142
pittsburgh,22308
pittsburgh,16115
pittsburgh,52465
pittsburgh,31704
pittsburgh,42364
pittsburgh,31768
pittsburgh,24983
pittsburgh,32987
pittsburgh,12127
pittsburgh,11281
pittsburgh,41994
pittsburgh,26408
pittsburgh,17109
pittsburgh,6728
pittsburgh,43996
pittsburgh,55427
pittsburgh,8273
pittsburgh,28821
pittsburgh,54083
pittsburgh,4979
pittsburgh,11668
pittsburgh,30732
pittsburgh,34392
pittsburgh,22588
pittsburgh,23163
pittsburgh,10708
pittsburgh,27689
pittsburgh,39859
pittsburgh,15557
pittsburgh,11322
pittsburgh,2791
pittsburgh,4553
pittsburgh,1944
pittsburgh,55903
pittsburgh,28926
pittsburgh,37711
pittsburgh,18211
pittsburgh,34615
pittsburgh,819
pittsburgh,7611
pittsburgh,50781
pittsburgh,31447
pittsburgh,38743
pittsburgh,29237
pittsburgh,36812
pittsburgh,5512
pittsburgh,49993
pittsburgh,18818
pittsburgh,18013
pittsburgh,10512
pittsburgh,11453
pittsburgh,31357
pittsburgh,53386
pittsburgh,51196
pittsburgh,26777
pittsburgh,31678
pittsburgh,53521
pittsburgh,55941
pittsburgh,55505
pittsburgh,32944
pittsburgh,39006
pittsburgh,42838
pittsburgh,20808
pittsburgh,52258
pittsburgh,47489
pittsburgh,45509
pittsburgh,42352
pittsburgh,57038
pittsburgh,2598
pittsburgh,29776
pittsburgh,44831
pittsburgh,11269
pittsburgh,42908
pittsburgh,9620
pittsburgh,9168
pittsburgh,154
pittsburgh,47920
pittsburgh,28591
pittsburgh,6735
pittsburgh,47464
pittsburgh,8671
pittsburgh,43637
pittsburgh,39080
pittsburgh,33044
pittsburgh,52527
pittsburgh,17309
pittsburgh,22467
pittsburgh,36895
pittsburgh,54217
pittsburgh,57455
pittsburgh,23138
pittsburgh,1699
pittsburgh,7119
pittsburgh,45558
pittsburgh,31939
pittsburgh,55039
pittsburgh,23604
pittsburgh,56353
pittsburgh,10846
pittsburgh,39700
pittsburgh,43883
pittsburgh,38802
pittsburgh,43769
pittsburgh,34007
pittsburgh,47940
pittsburgh,51021
pittsburgh,37780
pittsburgh,42759
pittsburgh,3963
pittsburgh,40239
pittsburgh,39153
pittsburgh,18532
pittsburgh,43984
pittsburgh,14706
pittsburgh,54177
pittsburgh,28645
pittsburgh,55198
pittsburgh,45827
pittsburgh,4436
pittsburgh,26758
pittsburgh,25412
pittsburgh,1730
pittsburgh,23644
pittsburgh,26854
pittsburgh,47759
pittsburgh,52771
pittsburgh,18390
pittsburgh,53709
pittsburgh,54468
pittsburgh,34634
pittsburgh,26536
pittsburgh,15496
pittsburgh,13198
pittsburgh,24784
pittsburgh,11784
pittsburgh,31702
pittsburgh,41564
pittsburgh,20309
pittsburgh,35358
pittsburgh,27776
pittsburgh,14144
pittsburgh,9576
pittsburgh,37273
pittsburgh,22120
pittsburgh,54850
pittsburgh,45121
pittsburgh,7395
pittsburgh,35669
pittsburgh,4085
pittsburgh,42084
pittsburgh,49401
pittsburgh,33728
pittsburgh,17153
pittsburgh,35925
pittsburgh,50997
pittsburgh,24996
pittsburgh,23155
pittsburgh,12191
pittsburgh,25537
pittsburgh,24877
pittsburgh,41920
pittsburgh,16939
pittsburgh,41358
pittsburgh,51972
pittsburgh,39653
pittsburgh,44217
pittsburgh,17190
pittsburgh,45243
pittsburgh,32919
pittsburgh,14570
pittsburgh,19450
pittsburgh,12619
pittsburgh,28098
pittsburgh,51426
pittsburgh,11495
pittsburgh,8478
pittsburgh,52978
pittsburgh,57898
pittsburgh,48531
pittsburgh,26802
pittsburgh,41907
pittsburgh,14220
pittsburgh,16338
pittsburgh,29367
pittsburgh,12070
pittsburgh,55535
pittsburgh,29444
pittsburgh,46982
pittsburgh,8311
pittsburgh,55920
pittsburgh,30819
pittsburgh,14161
pittsburgh,30886
pittsburgh,40540
pittsburgh,50524
pittsburgh,15062
pittsburgh,40608
pittsburgh,18286
pittsburgh,15934
pittsburgh,53586
pittsburgh,1364
pittsburgh,30928
pittsburgh,24849
pittsburgh,53908
pittsburgh,35387
pittsburgh,55087
pittsburgh,57116
pittsburgh,40859
pittsburgh,56645
pittsburgh,40046
pittsburgh,24962
pittsburgh,19757
pittsburgh,46639
pittsburgh,51943
pittsburgh,36339
pittsburgh,12994
pittsburgh,56172
pittsburgh,22357
pittsburgh,35344
pittsburgh,6802
pittsburgh,57674
pittsburgh,764
pittsburgh,26641
pittsburgh,35598
pittsburgh,21045
pittsburgh,40961
pittsburgh,25292
pittsburgh,47098
pittsburgh,38039
pittsburgh,24399
pittsburgh,391
pittsburgh,51413
pittsburgh,10396
pittsburgh,55081
pittsburgh,35137
pittsburgh,36867
pittsburgh,1694
pittsburgh,50255
pittsburgh,41006
pittsburgh,8538
pittsburgh,40483
pittsburgh,49286
pittsburgh,14828
pittsburgh,486
pittsburgh,2867
pittsburgh,4864
pittsburgh,24031
pittsburgh,42993
pittsburgh,23317
pittsburgh,40642
pittsburgh,9588
pittsburgh,37137
pittsburgh,5931
pittsburgh,42408
pittsburgh,6992
pittsburgh,18924
pittsburgh,2758
pittsburgh,27885
pittsburgh,10882
pittsburgh,28607
pittsburgh,28900
pittsburgh,33416
pittsburgh,2860
pittsburgh,30600
pittsburgh,16470
pittsburgh,17023
pittsburgh,47149
pittsburgh,29841
pittsburgh,47887
pittsburgh,8641
pittsburgh,5129
pittsburgh,39761
pittsburgh,3480
pittsburgh,38499
pittsburgh,52298
pittsburgh,21552
pittsburgh,19417
pittsburgh,14186
pittsburgh,17522
pittsburgh,15883
pittsburgh,34781
pittsburgh,28264
pittsburgh,23832
pittsburgh,56299
pittsburgh,2637
pittsburgh,51955
pittsburgh,10915
pittsburgh,40867
pittsburgh,820
pittsburgh,37584
pittsburgh,56975
pittsburgh,7655
pittsburgh,22004
pittsburgh,9625
pittsburgh,12255
pittsburgh,32660
pittsburgh,44931
pittsburgh,20812
pittsburgh,42369
pittsburgh,53472
pittsburgh,57218
pittsburgh,50952
pittsburgh,24211
pittsburgh,14962
pittsburgh,18793
pittsburgh,24123
pittsburgh,36395
pittsburgh,25002
pittsburgh,6960
pittsburgh,39210
pittsburgh,38430
pittsburgh,13785
pittsburgh,57049
pittsburgh,2608
pittsburgh,37041
pittsburgh,25669
pittsburgh,37954
pittsburgh,57605
pittsburgh,23296
pittsburgh,9162
pittsburgh,52495
pittsburgh,31473
pittsburgh,42223
pittsburgh,27051
pittsburgh,46245
pittsburgh,29377
pittsburgh,3967
pittsburgh,38989
pittsburgh,9970
pittsburgh,8832
pittsburgh,38083
pittsburgh,34887
pittsburgh,8791
pittsburgh,25181
pittsburgh,23560
pittsburgh,55911
pittsburgh,201
pittsburgh,49419
pittsburgh,55402
pittsburgh,46819
pittsburgh,38049
pittsburgh,35311
pittsburgh,6694
pittsburgh,3323
pittsburgh,36221
pittsburgh,43439
pittsburgh,25040
pittsburgh,50502
pittsburgh,36496
pittsburgh,38233
pittsburgh,47246
pittsburgh,14674
pittsburgh,25909
pittsburgh,7062
pittsburgh,11730
pittsburgh,11899
pittsburgh,25053
pittsburgh,29166
pittsburgh,45880
pittsburgh,8529
pittsburgh,53451
pittsburgh,41232
pittsburgh,35660
pittsburgh,40933
pittsburgh,44337
pittsburgh,27544
pittsburgh,21956
pittsburgh,55073
pittsburgh,14856
pittsburgh,44815
pittsburgh,14187
pittsburgh,7683
pittsburgh,21330
pittsburgh,52669
pittsburgh,42360
pittsburgh,7042
pittsburgh,24323
pittsburgh,26984
pittsburgh,1900
pittsburgh,16668
pittsburgh,5828
pittsburgh,5131
pittsburgh,28115
pittsburgh,28908
pittsburgh,26798
pittsburgh,21135
pittsburgh,49984
pittsburgh,35
pittsburgh,22115
pittsburgh,1777
pittsburgh,22682
pittsburgh,18354
pittsburgh,52216
pittsburgh,4190
pittsburgh,31434
pittsburgh,35261
pittsburgh,11476
pittsburgh,44416
pittsburgh,33183
pittsburgh,31785
pittsburgh,36475
pittsburgh,29793
pittsburgh,12021
pittsburgh,23407
pittsburgh,25858
pittsburgh,35224
pittsburgh,20215
pittsburgh,30961
pittsburgh,51312
pittsburgh,35505
pittsburgh,26190
pittsburgh,18740
pittsburgh,9368
pittsburgh,37929
pittsburgh,38271
pittsburgh,9280
pittsburgh,23188
pittsburgh,12892
pittsburgh,2169
pittsburgh,52335
pittsburgh,21869
pittsburgh,25747
pittsburgh,39164
pittsburgh,4977
pittsburgh,17899
pittsburgh,55910
pittsburgh,36915
pittsburgh,54562
pittsburgh,13613
pittsburgh,25254
pittsburgh,6287
pittsburgh,42998
pittsburgh,46542
pittsburgh,51037
pittsburgh,48474
pittsburgh,3217
pittsburgh,54388
pittsburgh,56728
pittsburgh,36564
pittsburgh,22348
pittsburgh,46247
pittsburgh,5391
pittsburgh,55071
pittsburgh,47056
pittsburgh,13796
pittsburgh,14785
pittsburgh,16923
pittsburgh,29306
pittsburgh,35815
pittsburgh,19604
pittsburgh,37857
pittsburgh,43301
pittsburgh,669
pittsburgh,31748
pittsburgh,11026
pittsburgh,45579
pittsburgh,757
pittsburgh,29995
pittsburgh,47663
pittsburgh,30198
pittsburgh,9875
pittsburgh,11348
pittsburgh,53179
pittsburgh,10720
pittsburgh,37795
pittsburgh,3219
pittsburgh,40565
pittsburgh,30228
pittsburgh,30727
pittsburgh,1868
pittsburgh,40932
pittsburgh,45082
pittsburgh,2326
pittsburgh,57414
pittsburgh,13080
pittsburgh,15674
pittsburgh,5944
pittsburgh,5766
pittsburgh,23265
pittsburgh,44998
pittsburgh,55284
pittsburgh,56508
pittsburgh,23063
pittsburgh,52868
pittsburgh,38968
pittsburgh,6867
pittsburgh,45548
pittsburgh,50432
pittsburgh,48102
pittsburgh,36859
pittsburgh,25088
pittsburgh,49876
pittsburgh,30478
pittsburgh,8807
pittsburgh,4926
pittsburgh,36594
pittsburgh,56224
pittsburgh,41019
pittsburgh,26352
pittsburgh,40874
pittsburgh,41128
pittsburgh,352
pittsburgh,28581
pittsburgh,30277
pittsburgh,3741
pittsburgh,4575
pittsburgh,53335
pittsburgh,20249
pittsburgh,44559
pittsburgh,37042
pittsburgh,34863
pittsburgh,44943
pittsburgh,16175
pittsburgh,41239
pittsburgh,55470
pittsburgh,11934
pittsburgh,2264
pittsburgh,8444
pittsburgh,12531
pittsburgh,45630
pittsburgh,43463
pittsburgh,6108
pittsburgh,35052
pittsburgh,34954
pittsburgh,19407
pittsburgh,10624
pittsburgh,32575
pittsburgh,55922
pittsburgh,31183
pittsburgh,42389
pittsburgh,11264
pittsburgh,18786
pittsburgh,9514
pittsburgh,16896
pittsburgh,8055
pittsburgh,23438
pittsburgh,17182
pittsburgh,5636
pittsburgh,11719
pittsburgh,48611
pittsburgh,57094
pittsburgh,16519
pittsburgh,2166
pittsburgh,39569
pittsburgh,34914
pittsburgh,30759
pittsburgh,34069
pittsburgh,42956
pittsburgh,15422
pittsburgh,37113
pittsburgh,20652
pittsburgh,48989
pittsburgh,11187
pittsburgh,20880
pittsburgh,55540
pittsburgh,27709
pittsburgh,6916
pittsburgh,9136
pittsburgh,23372
pittsburgh,25171
pittsburgh,27797
pittsburgh,37581
pittsburgh,2587
pittsburgh,7070
pittsburgh,32614
pittsburgh,12171
pittsburgh,32123
pittsburgh,11312
pittsburgh,48878
pittsburgh,3652
pittsburgh,39082
pittsburgh,5755
pittsburgh,23122
pittsburgh,12815
pittsburgh,41532
pittsburgh,31786
pittsburgh,1279
pittsburgh,51966
pittsburgh,56775
pittsburgh,36309
pittsburgh,16096
pittsburgh,43706
pittsburgh,10773
pittsburgh,16593
pittsburgh,10
pittsburgh,33600
pittsburgh,20627
pittsburgh,44873
pittsburgh,53639
pittsburgh,35200
pittsburgh,17778
pittsburgh,44619
pittsburgh,56418
pittsburgh,2638
pittsburgh,18743
pittsburgh,54232
pittsburgh,6182
pittsburgh,39977
pittsburgh,15832
pittsburgh,21719
pittsburgh,42059
pittsburgh,51424
pittsburgh,46644
pittsburgh,19590
pittsburgh,25139
pittsburgh,5319
pittsburgh,28313
pittsburgh,38898
pittsburgh,13063
pittsburgh,9139
pittsburgh,28411
pittsburgh,49394
pittsburgh,1415
pittsburgh,17305
pittsburgh,46720
pittsburgh,19222
pittsburgh,9173
pittsburgh,22404
pittsburgh,57243
pittsburgh,8402
pittsburgh,38889
pittsburgh,13793
pittsburgh,10099
pittsburgh,47847
pittsburgh,47861
pittsburgh,2631
pittsburgh,27580
pittsburgh,9516
pittsburgh,27158
pittsburgh,26009
pittsburgh,31359
pittsburgh,16461
pittsburgh,55781
pittsburgh,44731
pittsburgh,42249
pittsburgh,32028
pittsburgh,47332
pittsburgh,53594
pittsburgh,4022
pittsburgh,21912
pittsburgh,33225
pittsburgh,35468
pittsburgh,6236
pittsburgh,5168
pittsburgh,26228
pittsburgh,25783
pittsburgh,38757
pittsburgh,30885
pittsburgh,54243
pittsburgh,6616
pittsburgh,12629
pittsburgh,43802
pittsburgh,16146
pittsburgh,21911
pittsburgh,55268
pittsburgh,10853
pittsburgh,51096
pittsburgh,54446
pittsburgh,7225
pittsburgh,51867
pittsburgh,48860
pittsburgh,47989
pittsburgh,41404
pittsburgh,14879
pittsburgh,12524
pittsburgh,16672
pittsburgh,2833
pittsburgh,15146
pittsburgh,56502
pittsburgh,49836
pittsburgh,19081
pittsburgh,11672
pittsburgh,21294
pittsburgh,35737
pittsburgh,56397
pittsburgh,2055
pittsburgh,39141
pittsburgh,46304
pittsburgh,46996
pittsburgh,46937
pittsburgh,55694
pittsburgh,27724
pittsburgh,15807
pittsburgh,44584
pittsburgh,46336
pittsburgh,39598
pittsburgh,17552
pittsburgh,28486
pittsburgh,24092
pittsburgh,33388
pittsburgh,42616
pittsburgh,48459
pittsburgh,4726
pittsburgh,46075
pittsburgh,56897
pittsburgh,18291
pittsburgh,30407
pittsburgh,44567
pittsburgh,19504
pittsburgh,11410
pittsburgh,13507
pittsburgh,28751
pittsburgh,1406
pittsburgh,41188
pittsburgh,18863
pittsburgh,3860
pittsburgh,20491
pittsburgh,28767
pittsburgh,29715
pittsburgh,26638
pittsburgh,18997
pittsburgh,30954
pittsburgh,49515
pittsburgh,41214
pittsburgh,36772
pittsburgh,14227
pittsburgh,43376
pittsburgh,5156
pittsburgh,12375
pittsburgh,48913
pittsburgh,48722
pittsburgh,35233
pittsburgh,26360
pittsburgh,10221
pittsburgh,12965
pittsburgh,49775
pittsburgh,15267
pittsburgh,44075
pittsburgh,11224
pittsburgh,14907
pittsburgh,15008
pittsburgh,2455
pittsburgh,9098
pittsburgh,46838
pittsburgh,17006
pittsburgh,39839
pittsburgh,17346
pittsburgh,48887
pittsburgh,43905
pittsburgh,26359
pittsburgh,10901
pittsburgh,17805
pittsburgh,57740
pittsburgh,17498
pittsburgh,4106
pittsburgh,31528
pittsburgh,8485
pittsburgh,5047
pittsburgh,36461
pittsburgh,39417
pittsburgh,41290
pittsburgh,49153
pittsburgh,10613
pittsburgh,56835
pittsburgh,7795
pittsburgh,55338
pittsburgh,9095
pittsburgh,13714
pittsburgh,21190
pittsburgh,54987
pittsburgh,50373
pittsburgh,36095
pittsburgh,39009
pittsburgh,33189
pittsburgh,4419
pittsburgh,29289
pittsburgh,34925
pittsburgh,33143
pittsburgh,49248
pittsburgh,15398
pittsburgh,45074
pittsburgh,33795
pittsburgh,32139
pittsburgh,2556
pittsburgh,7449
pittsburgh,15963
pittsburgh,47256
pittsburgh,13372
pittsburgh,12405
pittsburgh,2237
pittsburgh,18092
pittsburgh,31409
pittsburgh,8750
pittsburgh,23927
pittsburgh,45417
pittsburgh,37256
pittsburgh,47538
pittsburgh,30485
pittsburgh,53687
pittsburgh,38862
pittsburgh,38030
pittsburgh,34506
pittsburgh,6993
pittsburgh,38912
pittsburgh,50551
pittsburgh,33018
pittsburgh,46677
pittsburgh,18720
pittsburgh,56946
pittsburgh,6538
pittsburgh,50474
pittsburgh,33529
pittsburgh,18514
pittsburgh,8022
pittsburgh,28631
pittsburgh,54278
pittsburgh,32279
pittsburgh,38355
pittsburgh,19071
pittsburgh,30563
pittsburgh,32174
pittsburgh,15836
pittsburgh,23731
pittsburgh,34716
pittsburgh,33558
pittsburgh,15759
pittsburgh,39863
pittsburgh,34098
pittsburgh,29966
pittsburgh,54079
pittsburgh,36991
pittsburgh,56033
pittsburgh,41745
pittsburgh,51056
pittsburgh,12122
pittsburgh,11776
pittsburgh,24700
pittsburgh,22109
pittsburgh,46341
pittsburgh,20177
pittsburgh,29871
pittsburgh,19444
pittsburgh,53400
pittsburgh,10038
pittsburgh,34123
pittsburgh,10920
pittsburgh,54658
pittsburgh,44579
pittsburgh,14816
pittsburgh,51431
pittsburgh,35398
pittsburgh,42496
pittsburgh,5448
pittsburgh,5588
pittsburgh,19419
pittsburgh,38643
pittsburgh,17459
pittsburgh,55806
pittsburgh,18752
pittsburgh,52449
pittsburgh,8985
pittsburgh,3999
pittsburgh,18333
pittsburgh,49688
pittsburgh,53442
pittsburgh,1258
pittsburgh,27813
pittsburgh,17219
pittsburgh,23422
pittsburgh,3938
pittsburgh,35670
pittsburgh,17029
pittsburgh,49362
pittsburgh,43006
pittsburgh,45859
pittsburgh,34472
pittsburgh,51359
pittsburgh,31482
pittsburgh,23925
pittsburgh,47614
pittsburgh,8317
pittsburgh,36708
pittsburgh,29051
pittsburgh,4382
pittsburgh,21656
pittsburgh,40134
pittsburgh,9456
pittsburgh,35318
pittsburgh,36623
pittsburgh,14739
pittsburgh,37010
pittsburgh,17215
pittsburgh,1706
pittsburgh,35767
pittsburgh,17465
pittsburgh,14225
pittsburgh,12547
pittsburgh,45318
pittsburgh,49204
pittsburgh,35445
pittsburgh,42094
pittsburgh,51250
pittsburgh,50163
pittsburgh,44721
pittsburgh,21899
pittsburgh,41482
pittsburgh,33065
pittsburgh,52305
pittsburgh,43890
pittsburgh,11285
pittsburgh,11606
pittsburgh,19881
pittsburgh,51741
pittsburgh,12582
pittsburgh,18209
pittsburgh,25301
pittsburgh,54857
pittsburgh,16306
pittsburgh,23398
pittsburgh,8459
pittsburgh,8207
pittsburgh,5118
pittsburgh,4168
pittsburgh,23999
pittsburgh,35955
pittsburgh,50193
pittsburgh,33129
pittsburgh,22042
pittsburgh,48691
pittsburgh,29854
pittsburgh,34253
pittsburgh,57710
pittsburgh,37163
pittsburgh,29699
pittsburgh,42576
pittsburgh,50070
pittsburgh,43099
pittsburgh,51806
pittsburgh,19477
pittsburgh,36138
pittsburgh,7881
pittsburgh,19703
pittsburgh,7455
pittsburgh,4328
pittsburgh,2251
pittsburgh,374
pittsburgh,51660
pittsburgh,14243
pittsburgh,2940
pittsburgh,54953
pittsburgh,11552
pittsburgh,1939
pittsburgh,52166
pittsburgh,44676
pittsburgh,43641
pittsburgh,9126
pittsburgh,5212
pittsburgh,48418
pittsburgh,29227
pittsburgh,10730
pittsburgh,33039
pittsburgh,14899
pittsburgh,18015
pittsburgh,12417
pittsburgh,15038
pittsburgh,40082
pittsburgh,22481
pittsburgh,49547
pittsburgh,43786
pittsburgh,18797
pittsburgh,41312
pittsburgh,11124
pittsburgh,2269
pittsburgh,56684
pittsburgh,44812
pittsburgh,45799
pittsburgh,20156
pittsburgh,7459
pittsburgh,26733
pittsburgh,32023
pittsburgh,573
pittsburgh,5896
pittsburgh,32296
pittsburgh,8406
pittsburgh,48372
pittsburgh,15702
pittsburgh,1262
pittsburgh,50218
pittsburgh,41479
pittsburgh,9176
pittsburgh,2841
pittsburgh,41380
pittsburgh,25903
pittsburgh,35034
pittsburgh,32122
pittsburgh,49587
pittsburgh,51175
pittsburgh,20628
pittsburgh,732
pittsburgh,52482
pittsburgh,49241
pittsburgh,46681
pittsburgh,29130
pittsburgh,9805
pittsburgh,43711
pittsburgh,30428
pittsburgh,26305
pittsburgh,11296
pittsburgh,54570
pittsburgh,3470
pittsburgh,40756
pittsburgh,28838
pittsburgh,26418
pittsburgh,31462
pittsburgh,35939
pittsburgh,33907
pittsburgh,33006
pittsburgh,12834
pittsburgh,28578
pittsburgh,33538
pittsburgh,18297
pittsburgh,24897
pittsburgh,56280
pittsburgh,34027
pittsburgh,12383
pittsburgh,36699
pittsburgh,33604
pittsburgh,48713
pittsburgh,51117
pittsburgh,29090
pittsburgh,7924
pittsburgh,14835
pittsburgh,43321
pittsburgh,14553
pittsburgh,49169
pittsburgh,7705
pittsburgh,39741
pittsburgh,50032
pittsburgh,46876
pittsburgh,7920
pittsburgh,168
pittsburgh,43040
pittsburgh,45119
pittsburgh,42017
pittsburgh,48393
pittsburgh,4345
pittsburgh,13476
pittsburgh,35406
pittsburgh,56900
pittsburgh,51842
pittsburgh,24907
pittsburgh,35101
pittsburgh,3836
pittsburgh,32277
pittsburgh,29628
pittsburgh,52962
pittsburgh,21432
pittsburgh,46566
pittsburgh,29726
pittsburgh,24957
pittsburgh,49060
pittsburgh,12696
pittsburgh,25236
pittsburgh,16475
pittsburgh,53390
pittsburgh,9052
pittsburgh,31736
pittsburgh,11248
pittsburgh,29627
pittsburgh,14300
pittsburgh,8398
pittsburgh,2825
pittsburgh,48223
pittsburgh,41894
pittsburgh,15277
pittsburgh,10308
pittsburgh,29368
pittsburgh,15070
pittsburgh,18919
pittsburgh,44179
pittsburgh,53494
pittsburgh,39376
pittsburgh,43050
pittsburgh,1979
pittsburgh,41273
pittsburgh,40171
pittsburgh,49251
pittsburgh,49454
pittsburgh,2254
pittsburgh,43124
pittsburgh,5974
pittsburgh,4471
pittsburgh,12759
pittsburgh,38321
pittsburgh,29033
pittsburgh,299
pittsburgh,32897
pittsburgh,4857
pittsburgh,7124
pittsburgh,6581
pittsburgh,56669
pittsburgh,37875
pittsburgh,49642
pittsburgh,33193
pittsburgh,24232
pittsburgh,18744
pittsburgh,5128
pittsburgh,12613
pittsburgh,33250
pittsburgh,37165
pittsburgh,3342
pittsburgh,10573
pittsburgh,42433
pittsburgh,20261
pittsburgh,7685
pittsburgh,18546
pittsburgh,13647
pittsburgh,57393
pittsburgh,3012
pittsburgh,9583
pittsburgh,22024
pittsburgh,31566
pittsburgh,55983
pittsburgh,49767
pittsburgh,10179
pittsburgh,29716
pittsburgh,38679
pittsburgh,3336
pittsburgh,24737
pittsburgh,25659
pittsburgh,18265
pittsburgh,43042
pittsburgh,7809
pittsburgh,7680
pittsburgh,44078
pittsburgh,39922
pittsburgh,32645
pittsburgh,31886
pittsburgh,34003
pittsburgh,8606
pittsburgh,6073
pittsburgh,26174
pittsburgh,29167
pittsburgh,6713
pittsburgh,32971
pittsburgh,14670
pittsburgh,25956
pittsburgh,9678
pittsburgh,47600
pittsburgh,28367
pittsburgh,5180
pittsburgh,24219
pittsburgh,3531
pittsburgh,43927
pittsburgh,54154
pittsburgh,18141
pittsburgh,26034
pittsburgh,16773
pittsburgh,43401
pittsburgh,14571
pittsburgh,54231
pittsburgh,613
pittsburgh,1271
pittsburgh,40379
pittsburgh,36493
pittsburgh,57199
pittsburgh,41568
pittsburgh,45836
pittsburgh,32091
pittsburgh,2058
pittsburgh,51902
pittsburgh,16536
pittsburgh,30441
pittsburgh,5855
pittsburgh,40323
pittsburgh,33037
pittsburgh,45643
pittsburgh,19403
pittsburgh,29458
pittsburgh,20709
pittsburgh,42543
pittsburgh,6748
pittsburgh,30761
pittsburgh,30347
pittsburgh,19055
pittsburgh,7950
pittsburgh,19285
pittsburgh,40425
pittsburgh,14059
pittsburgh,23523
pittsburgh,18175
pittsburgh,23542
pittsburgh,6878
pittsburgh,4820
pittsburgh,33657
pittsburgh,45914
pittsburgh,6432
pittsburgh,35709
pittsburgh,52605
pittsburgh,49393
pittsburgh,53775
pittsburgh,27809
pittsburgh,41943
pittsburgh,36792
pittsburgh,39534
pittsburgh,52317
pittsburgh,52274
pittsburgh,51116
pittsburgh,46074
pittsburgh,10678
pittsburgh,14283
pittsburgh,38807
pittsburgh,13005
pittsburgh,25354
pittsburgh,31033
pittsburgh,3706
pittsburgh,29846
pittsburgh,41984
pittsburgh,25608
pittsburgh,27889
pittsburgh,55547
pittsburgh,7631
pittsburgh,30505
pittsburgh,47548
pittsburgh,34617
pittsburgh,55795
pittsburgh,26515
pittsburgh,23591
pittsburgh,53928
pittsburgh,24342
pittsburgh,41680
pittsburgh,3379
pittsburgh,39693
pittsburgh,36456
pittsburgh,12762
pittsburgh,14295
pittsburgh,5382
pittsburgh,35399
pittsburgh,54157
pittsburgh,10227
pittsburgh,38693
pittsburgh,4997
pittsburgh,39372
pittsburgh,49110
pittsburgh,2138
pittsburgh,18858
pittsburgh,24958
pittsburgh,3396
pittsburgh,5994
pittsburgh,57612
pittsburgh,57660
pittsburgh,22756
pittsburgh,43818
pittsburgh,40205
pittsburgh,16863
pittsburgh,17500
pittsburgh,45899
pittsburgh,57816
pittsburgh,16465
pittsburgh,47800
pittsburgh,54709
pittsburgh,47006
pittsburgh,2824
pittsburgh,54644
pittsburgh,1326
pittsburgh,34580
pittsburgh,36471
pittsburgh,4183
pittsburgh,36359
pittsburgh,5171
pittsburgh,15895
pittsburgh,20510
pittsburgh,38538
pittsburgh,35383
pittsburgh,20140
pittsburgh,21758
pittsburgh,15385
pittsburgh,31639
pittsburgh,43224
pittsburgh,13026
pittsburgh,44699
pittsburgh,19247
pittsburgh,57244
pittsburgh,41037
pittsburgh,9203
pittsburgh,15017
pittsburgh,18840
pittsburgh,16619
pittsburgh,40813
pittsburgh,12809
pittsburgh,57757
pittsburgh,7099
pittsburgh,24704
pittsburgh,36247
pittsburgh,13663
pittsburgh,33074
pittsburgh,57870
pittsburgh,20196
pittsburgh,25224
pittsburgh,17002
pittsburgh,16771
pittsburgh,15157
pittsburgh,47336
pittsburgh,33454
pittsburgh,48595
pittsburgh,48404
pittsburgh,17079
pittsburgh,45517
pittsburgh,16239
pittsburgh,2646
pittsburgh,23374
pittsburgh,24473
pittsburgh,33443
pittsburgh,12177
pittsburgh,48456
pittsburgh,11115
pittsburgh,36826
pittsburgh,19229
pittsburgh,47416
pittsburgh,52880
pittsburgh,44108
pittsburgh,30077
pittsburgh,6166
pittsburgh,12258
pittsburgh,26328
pittsburgh,5849
pittsburgh,54112
pittsburgh,55803
pittsburgh,33442
pittsburgh,24061
pittsburgh,15616
pittsburgh,2346
pittsburgh,21477
pittsburgh,28970
pittsburgh,45173
pittsburgh,29599
pittsburgh,39265
pittsburgh,47420
pittsburgh,56382
pittsburgh,2032
pittsburgh,6052
pittsburgh,44128
pittsburgh,17179
pittsburgh,34037
pittsburgh,15961
pittsburgh,43198
pittsburgh,42309
pittsburgh,9893
pittsburgh,18106
pittsburgh,2905
pittsburgh,51238
pittsburgh,29380
pittsburgh,21976
pittsburgh,7748
pittsburgh,27616
pittsburgh,36426
pittsburgh,45638
pittsburgh,3619
pittsburgh,9975
pittsburgh,40729
pittsburgh,18841
pittsburgh,53918
pittsburgh,33440
pittsburgh,49795
pittsburgh,650
pittsburgh,51516
pittsburgh,51338
pittsburgh,20858
pittsburgh,13252
pittsburgh,44487
pittsburgh,41749
pittsburgh,11652
pittsburgh,33115
pittsburgh,46665
pittsburgh,56398
pittsburgh,22460
pittsburgh,21945
pittsburgh,26427
pittsburgh,24837
pittsburgh,4758
pittsburgh,54778
pittsburgh,34182
pittsburgh,35075
pittsburgh,49819
pittsburgh,28317
pittsburgh,35673
pittsburgh,49361
pittsburgh,43585
pittsburgh,2657
pittsburgh,2856
pittsburgh,30403
pittsburgh,22167
pittsburgh,56191
pittsburgh,44370
pittsburgh,2150
pittsburgh,41710
pittsburgh,43017
pittsburgh,40010
pittsburgh,42128
pittsburgh,48464
pittsburgh,12719
pittsburgh,56539
pittsburgh,24481
pittsburgh,17728
pittsburgh,22350
pittsburgh,10881
pittsburgh,43758
pittsburgh,39946
pittsburgh,3915
pittsburgh,46646
pittsburgh,53317
pittsburgh,16313
pittsburgh,49462
pittsburgh,21599
pittsburgh,23743
pittsburgh,49018
pittsburgh,9634
pittsburgh,48490
pittsburgh,12556
pittsburgh,52359
pittsburgh,55621
pittsburgh,22542
pittsburgh,33249
pittsburgh,49322
pittsburgh,46785
pittsburgh,28028
pittsburgh,29048
pittsburgh,49451
pittsburgh,4516
pittsburgh,27025
pittsburgh,36422
pittsburgh,45653
pittsburgh,21064
pittsburgh,15340
pittsburgh,34034
pittsburgh,48292
pittsburgh,9212
pittsburgh,28596
pittsburgh,48602
pittsburgh,55253
pittsburgh,25504
pittsburgh,53402
pittsburgh,53971
pittsburgh,25286
pittsburgh,22596
pittsburgh,4358
pittsburgh,48157
pittsburgh,55025
pittsburgh,1621
pittsburgh,53800
pittsburgh,39394
pittsburgh,50337
pittsburgh,28258
pittsburgh,27655
pittsburgh,29356
pittsburgh,22242
pittsburgh,29869
pittsburgh,20948
pittsburgh,40977
pittsburgh,25694
pittsburgh,34290
pittsburgh,19914
pittsburgh,50903
pittsburgh,13893
pittsburgh,42792
pittsburgh,26551
pittsburgh,26887
pittsburgh,55119
pittsburgh,33219
pittsburgh,71
pittsburgh,30312
pittsburgh,35177
pittsburgh,46414
pittsburgh,23128
pittsburgh,51064
pittsburgh,8849
pittsburgh,1632
pittsburgh,46348
pittsburgh,6681
pittsburgh,33171
pittsburgh,49509
pittsburgh,20180
pittsburgh,36126
pittsburgh,22568
pittsburgh,55157
pittsburgh,42552
pittsburgh,23225
pittsburgh,5950
pittsburgh,56441
pittsburgh,52895
pittsburgh,52926
pittsburgh,29125
pittsburgh,20967
pittsburgh,27389
pittsburgh,41455
pittsburgh,11535
pittsburgh,26113
pittsburgh,57535
pittsburgh,35185
pittsburgh,18874
pittsburgh,28309
pittsburgh,24127
pittsburgh,25863
pittsburgh,45628
pittsburgh,36979
pittsburgh,31858
pittsburgh,44551
pittsburgh,43502
pittsburgh,9968
pittsburgh,44533
pittsburgh,51810
pittsburgh,44769
pittsburgh,45700
pittsburgh,33707
pittsburgh,5063
pittsburgh,26910
pittsburgh,54611
pittsburgh,43325
pittsburgh,5491
pittsburgh,49903
pittsburgh,57096
pittsburgh,51548
pittsburgh,42704
pittsburgh,43886
pittsburgh,36971
pittsburgh,2533
pittsburgh,7691
pittsburgh,45034
pittsburgh,33348
pittsburgh,56187
pittsburgh,4267
pittsburgh,26647
pittsburgh,48193
pittsburgh,44306
pittsburgh,48498
pittsburgh,15881
pittsburgh,3149
pittsburgh,20255
pittsburgh,32371
pittsburgh,56730
pittsburgh,46465
pittsburgh,23276
pittsburgh,24370
pittsburgh,35475
pittsburgh,22547
pittsburgh,3825
pittsburgh,77
pittsburgh,2243
pittsburgh,25563
pittsburgh,47348
pittsburgh,8982
pittsburgh,805
pittsburgh,17517
pittsburgh,19399
pittsburgh,30931
pittsburgh,14128
pittsburgh,46312
pittsburgh,16590
pittsburgh,34798
pittsburgh,35152
pittsburgh,50823
pittsburgh,45524
pittsburgh,33925
pittsburgh,13557
pittsburgh,49405
pittsburgh,43478
pittsburgh,46747
pittsburgh,27598
pittsburgh,18724
pittsburgh,7505
pittsburgh,32973
pittsburgh,7524
pittsburgh,10080
pittsburgh,45249
pittsburgh,15430
pittsburgh,35374
pittsburgh,15742
pittsburgh,13524
pittsburgh,39078
pittsburgh,42867
pittsburgh,632
pittsburgh,23287
pittsburgh,53164
pittsburgh,42672
pittsburgh,12010
pittsburgh,57914
pittsburgh,33133
pittsburgh,57977
pittsburgh,50165
pittsburgh,27632
pittsburgh,48455
pittsburgh,17861
pittsburgh,37721
pittsburgh,11331
pittsburgh,24468
pittsburgh,17549
pittsburgh,14226
pittsburgh,16268
pittsburgh,28560
pittsburgh,29475
pittsburgh,29370
pittsburgh,9635
pittsburgh,18348
pittsburgh,4217
pittsburgh,28983
pittsburgh,45549
pittsburgh,1800
pittsburgh,5078
pittsburgh,46991
pittsburgh,54135
pittsburgh,25133
pittsburgh,40920
pittsburgh,16764
pittsburgh,14393
pittsburgh,5897
pittsburgh,266
pittsburgh,594
pittsburgh,11749
pittsburgh,16343
pittsburgh,37430
pittsburgh,26940
pittsburgh,2334
pittsburgh,54700
pittsburgh,44874
pittsburgh,26106
pittsburgh,6842
pittsburgh,37
pittsburgh,33665
pittsburgh,9374
pittsburgh,3277
pittsburgh,57656
pittsburgh,3651
pittsburgh,16712
pittsburgh,38542
pittsburgh,53309
pittsburgh,10123
pittsburgh,57874
pittsburgh,5431
pittsburgh,51190
pittsburgh,23046
pittsburgh,30541
pittsburgh,35595
pittsburgh,16448
pittsburgh,35457
pittsburgh,53906
pittsburgh,24730
pittsburgh,49522
pittsburgh,24812
pittsburgh,35963
pittsburgh,25522
pittsburgh,55406
pittsburgh,54699
pittsburgh,15761
pittsburgh,20489
pittsburgh,19789
pittsburgh,22280
pittsburgh,5200
pittsburgh,3832
pittsburgh,35690
pittsburgh,27306
pittsburgh,13085
pittsburgh,45491
pittsburgh,29328
pittsburgh,26200
pittsburgh,6271
pittsburgh,9801
pittsburgh,55018
pittsburgh,4100
pittsburgh,30486
pittsburgh,23617
pittsburgh,3694
pittsburgh,11641
pittsburgh,44932
pittsburgh,27626
pittsburgh,22269
pittsburgh,32146
pittsburgh,53901
pittsburgh,21348
pittsburgh,38187
pittsburgh,47957
pittsburgh,46445
pittsburgh,18699
pittsburgh,2133
pittsburgh,17903
pittsburgh,8387
pittsburgh,56655
pittsburgh,50546
pittsburgh,40475
pittsburgh,47070
pittsburgh,35242
pittsburgh,23241
pittsburgh,8512
pittsburgh,39812
pittsburgh,14604
pittsburgh,2456
pittsburgh,42990
pittsburgh,14197
pittsburgh,31761
pittsburgh,47086
pittsburgh,23941
pittsburgh,8058
pittsburgh,30857
pittsburgh,43718
pittsburgh,55428
pittsburgh,18647
pittsburgh,41397
pittsburgh,48056
pittsburgh,21234
pittsburgh,13564
pittsburgh,19490
pittsburgh,37197
pittsburgh,11902
pittsburgh,28755
pittsburgh,27762
pittsburgh,50775
pittsburgh,50664
pittsburgh,962
pittsburgh,12278
pittsburgh,4658
pittsburgh,32746
pittsburgh,44404
pittsburgh,162
pittsburgh,28557
pittsburgh,15320
pittsburgh,16017
pittsburgh,6231
pittsburgh,3833
pittsburgh,47941
pittsburgh,8610
pittsburgh,36063
pittsburgh,21476
pittsburgh,29821
pittsburgh,7306
pittsburgh,13126
pittsburgh,7376
pittsburgh,49199
pittsburgh,25105
pittsburgh,30711
pittsburgh,22890
pittsburgh,46199
pittsburgh,43126
pittsburgh,49596
pittsburgh,21513
pittsburgh,42509
pittsburgh,3498
pittsburgh,21314
pittsburgh,41835
pittsburgh,49897
pittsburgh,26602
pittsburgh,47724
pittsburgh,52438
pittsburgh,12568
pittsburgh,22832
pittsburgh,3645
pittsburgh,15678
pittsburgh,13805
pittsburgh,26101
pittsburgh,50721
pittsburgh,27635
pittsburgh,53741
pittsburgh,23889
pittsburgh,20587
pittsburgh,28824
pittsburgh,40045
pittsburgh,50710
pittsburgh,7598
pittsburgh,16731
pittsburgh,31945
pittsburgh,561
pittsburgh,3569
pittsburgh,38877
pittsburgh,1558
pittsburgh,1580
pittsburgh,25177
pittsburgh,54273
pittsburgh,54289
pittsburgh,45133
pittsburgh,50454
pittsburgh,23339
pittsburgh,2995
pittsburgh,19800
pittsburgh,8596
pittsburgh,57632
pittsburgh,25848
pittsburgh,28214
pittsburgh,20521
pittsburgh,19056
pittsburgh,38436
pittsburgh,39077
pittsburgh,12691
pittsburgh,47541
pittsburgh,51229
pittsburgh,5198
pittsburgh,37870
pittsburgh,31139
pittsburgh,51088
pittsburgh,56386
pittsburgh,47833
pittsburgh,15095
pittsburgh,19235
pittsburgh,7751
pittsburgh,35337
pittsburgh,56094
pittsburgh,22222
pittsburgh,13677
pittsburgh,9030
pittsburgh,38248
pittsburgh,49702
pittsburgh,50262
pittsburgh,36659
pittsburgh,25957
pittsburgh,50388
pittsburgh,32698
pittsburgh,27517
pittsburgh,8013
pittsburgh,34691
pittsburgh,45040
pittsburgh,23442
pittsburgh,29836
pittsburgh,46040
pittsburgh,19893
pittsburgh,2036
pittsburgh,29943
pittsburgh,44989
pittsburgh,32381
pittsburgh,51110
pittsburgh,23274
pittsburgh,28834
pittsburgh,51690
pittsburgh,55105
pittsburgh,15241
pittsburgh,35299
pittsburgh,53281
pittsburgh,14697
pittsburgh,25382
pittsburgh,34961
pittsburgh,8309
pittsburgh,24869
pittsburgh,25435
pittsburgh,52282
pittsburgh,25993
pittsburgh,34385
pittsburgh,5065
pittsburgh,22199
pittsburgh,55479
pittsburgh,46121
pittsburgh,57320
pittsburgh,6612
pittsburgh,392
pittsburgh,16155
pittsburgh,55978
pittsburgh,40166
pittsburgh,31161
pittsburgh,36151
pittsburgh,57410
pittsburgh,36181
pittsburgh,30334
pittsburgh,49332
pittsburgh,5680
pittsburgh,53109
pittsburgh,3280
pittsburgh,52005
pittsburgh,56720
pittsburgh,1278
pittsburgh,3632
pittsburgh,36485
pittsburgh,52576
pittsburgh,9233
pittsburgh,28704
pittsburgh,16117
pittsburgh,32505
pittsburgh,13416
pittsburgh,2949
pittsburgh,8689
pittsburgh,1003
pittsburgh,10111
pittsburgh,48171
pittsburgh,629
pittsburgh,35131
pittsburgh,54478
pittsburgh,43597
pittsburgh,36220
pittsburgh,4676
pittsburgh,38019
pittsburgh,37034
pittsburgh,42722
pittsburgh,29499
pittsburgh,25544
pittsburgh,22525
pittsburgh,46807
pittsburgh,27261
pittsburgh,9905
pittsburgh,11452
pittsburgh,41830
pittsburgh,15323
pittsburgh,35622
pittsburgh,9164
pittsburgh,18344
pittsburgh,50872
pittsburgh,34212
pittsburgh,20559
pittsburgh,11562
pittsburgh,20786
pittsburgh,27794
pittsburgh,25131
pittsburgh,6123
pittsburgh,45833
pittsburgh,4734
pittsburgh,43356
pittsburgh,21685
pittsburgh,54149
pittsburgh,26002
pittsburgh,38682
pittsburgh,40142
pittsburgh,37951
pittsburgh,8575
pittsburgh,37883
pittsburgh,43476
pittsburgh,2393
pittsburgh,41605
pittsburgh,5337
pittsburgh,53170
pittsburgh,15946
pittsburgh,54392
pittsburgh,28262
pittsburgh,49534
pittsburgh,3785
pittsburgh,56890
pittsburgh,42420
pittsburgh,23642
pittsburgh,15820
pittsburgh,41387
pittsburgh,26326
pittsburgh,48848
pittsburgh,20074
pittsburgh,23151
pittsburgh,52183
pittsburgh,4486
pittsburgh,32420
pittsburgh,40821
pittsburgh,26019
pittsburgh,24350
pittsburgh,29938
pittsburgh,56318
pittsburgh,47611
pittsburgh,48378
pittsburgh,31584
pittsburgh,10597
pittsburgh,48068
pittsburgh,15063
pittsburgh,1757
pittsburgh,57101
pittsburgh,54599
pittsburgh,23423
pittsburgh,6221
pittsburgh,23779
pittsburgh,25635
pittsburgh,54708
pittsburgh,8187
pittsburgh,12124
pittsburgh,25887
pittsburgh,3740
pittsburgh,54949
pittsburgh,19694
pittsburgh,25714
pittsburgh,4482
pittsburgh,48696
pittsburgh,24773
pittsburgh,18402
pittsburgh,33672
pittsburgh,39990
pittsburgh,1609
pittsburgh,42764
pittsburgh,19781
pittsburgh,38397
pittsburgh,20882
pittsburgh,45328
pittsburgh,21666
pittsburgh,54141
pittsburgh,49491
pittsburgh,41283
pittsburgh,24125
pittsburgh,44700
pittsburgh,34129
pittsburgh,54013
pittsburgh,17788
pittsburgh,57979
pittsburgh,32680
pittsburgh,20522
pittsburgh,53505
pittsburgh,43199
pittsburgh,48079
pittsburgh,23535
pittsburgh,8208
pittsburgh,41294
pittsburgh,19837
pittsburgh,41917
pittsburgh,42303
pittsburgh,33054
pittsburgh,56572
pittsburgh,55247
pittsburgh,49196
pittsburgh,18090
pittsburgh,33028
pittsburgh,27206
pittsburgh,4418
pittsburgh,50134
pittsburgh,36637
pittsburgh,35637
pittsburgh,8183
pittsburgh,19990
pittsburgh,23729
pittsburgh,33506
pittsburgh,48106
pittsburgh,35995
pittsburgh,19544
pittsburgh,1842
pittsburgh,44249
pittsburgh,44591
pittsburgh,14071
pittsburgh,20622
pittsburgh,4212
pittsburgh,48529
pittsburgh,53668
pittsburgh,37674
pittsburgh,52974
pittsburgh,37374
pittsburgh,1053
pittsburgh,3771
pittsburgh,57078
pittsburgh,42053
pittsburgh,20688
pittsburgh,29991
pittsburgh,15787
pittsburgh,6411
pittsburgh,1634
pittsburgh,20407
pittsburgh,21160
pittsburgh,44296
pittsburgh,11081
pittsburgh,13139
pittsburgh,12605
pittsburgh,19479
pittsburgh,14482
pittsburgh,7009
pittsburgh,29810
pittsburgh,8769
pittsburgh,14811
pittsburgh,26424
pittsburgh,13258
pittsburgh,34238
pittsburgh,3271
pittsburgh,8817
pittsburgh,3056
pittsburgh,50954
pittsburgh,29754
pittsburgh,23052
pittsburgh,19586
pittsburgh,2923
pittsburgh,12424
pittsburgh,27800
pittsburgh,35454
pittsburgh,45423
pittsburgh,50820
pittsburgh,55514
pittsburgh,34019
pittsburgh,36545
pittsburgh,10583
pittsburgh,34590
pittsburgh,26066
pittsburgh,50634
pittsburgh,28986
pittsburgh,42382
pittsburgh,43686
pittsburgh,39268
pittsburgh,19001
pittsburgh,27235
pittsburgh,46013
pittsburgh,13610
pittsburgh,25176
pittsburgh,55129
pittsburgh,28542
pittsburgh,51768
pittsburgh,7511
pittsburgh,7305
pittsburgh,39762
pittsburgh,2446
pittsburgh,45783
pittsburgh,42871
pittsburgh,3230
pittsburgh,7178
pittsburgh,40834
pittsburgh,26870
pittsburgh,19492
pittsburgh,989
pittsburgh,23922
pittsburgh,47783
pittsburgh,19088
pittsburgh,34761
pittsburgh,45577
pittsburgh,38126
pittsburgh,17769
pittsburgh,7041
pittsburgh,53172
pittsburgh,24666
pittsburgh,50367
pittsburgh,24787
pittsburgh,52270
pittsburgh,46906
pittsburgh,9618
pittsburgh,1874
pittsburgh,40830
pittsburgh,18952
pittsburgh,35610
pittsburgh,12604
pittsburgh,8083
pittsburgh,35778
pittsburgh,9673
pittsburgh,29031
pittsburgh,36354
pittsburgh,23214
pittsburgh,21300
pittsburgh,13638
pittsburgh,55971
pittsburgh,13424
pittsburgh,14807
pittsburgh,44546
pittsburgh,14029
pittsburgh,2114
pittsburgh,57482
pittsburgh,14460
pittsburgh,53760
pittsburgh,46547
pittsburgh,34066
pittsburgh,7427
pittsburgh,32513
pittsburgh,47567
pittsburgh,26232
pittsburgh,9507
pittsburgh,41268
pittsburgh,18331
pittsburgh,33566
pittsburgh,26944
pittsburgh,56789
pittsburgh,51451
pittsburgh,29923
pittsburgh,13303
pittsburgh,47814
pittsburgh,32301
pittsburgh,11234
pittsburgh,54762
pittsburgh,22819
pittsburgh,14859
pittsburgh,24187
pittsburgh,40573
pittsburgh,35377
pittsburgh,18430
pittsburgh,15112
pittsburgh,33322
pittsburgh,8755
pittsburgh,11241
pittsburgh,35546
pittsburgh,8858
pittsburgh,20855
pittsburgh,49953
pittsburgh,40566
pittsburgh,32194
pittsburgh,32378
pittsburgh,44862
pittsburgh,54365
pittsburgh,38559
pittsburgh,41792
pittsburgh,36101
pittsburgh,54845
pittsburgh,91
pittsburgh,25792
pittsburgh,57720
pittsburgh,9451
pittsburgh,51404
pittsburgh,14723
pittsburgh,9921
pittsburgh,18975
pittsburgh,22144
pittsburgh,3075
pittsburgh,28517
pittsburgh,16383
pittsburgh,15539
pittsburgh,38401
pittsburgh,40702
pittsburgh,605
pittsburgh,6531
pittsburgh,53468
pittsburgh,53289
pittsburgh,31151
pittsburgh,10138
pittsburgh,34670
pittsburgh,27167
pittsburgh,43522
pittsburgh,48508
pittsburgh,46049
pittsburgh,47660
pittsburgh,7022
pittsburgh,47513
pittsburgh,44890
pittsburgh,57920
pittsburgh,43113
pittsburgh,30959
pittsburgh,43000
pittsburgh,50216
pittsburgh,23440
pittsburgh,19095
pittsburgh,9833
pittsburgh,22204
pittsburgh,35109
pittsburgh,36079
pittsburgh,49639
pittsburgh,32667
pittsburgh,6438
pittsburgh,14273
pittsburgh,36918
pittsburgh,3800
pittsburgh,54309
pittsburgh,16082
pittsburgh,17886
pittsburgh,31244
pittsburgh,7026
pittsburgh,29005
pittsburgh,36920
pittsburgh,27470
pittsburgh,34568
pittsburgh,57495
pittsburgh,9476
pittsburgh,27249
pittsburgh,9567
pittsburgh,38949
pittsburgh,27630
pittsburgh,47701
pittsburgh,28081
pittsburgh,38944
pittsburgh,22234
pittsburgh,28935
pittsburgh,27070
pittsburgh,52177
pittsburgh,52935
pittsburgh,14363
pittsburgh,19290
pittsburgh,57648
pittsburgh,57154
pittsburgh,3936
pittsburgh,12132
pittsburgh,17755
pittsburgh,6014
pittsburgh,37060
pittsburgh,13007
pittsburgh,18566
pittsburgh,55759
pittsburgh,49152
pittsburgh,14410
pittsburgh,2909
pittsburgh,43960
pittsburgh,5414
pittsburgh,475
pittsburgh,16937
pittsburgh,35920
pittsburgh,14122
pittsburgh,44417
pittsburgh,47841
pittsburgh,30139
pittsburgh,20055
pittsburgh,40047
pittsburgh,49457
pittsburgh,52116
pittsburgh,55013
pittsburgh,1180
pittsburgh,25119
pittsburgh,34206
pittsburgh,17554
pittsburgh,15563
pittsburgh,9725
pittsburgh,47100
pittsburgh,17771
pittsburgh,15310
pittsburgh,21982
pittsburgh,44325
pittsburgh,37553
pittsburgh,41091
pittsburgh,41752
pittsburgh,48721
pittsburgh,11611
pittsburgh,27547
pittsburgh,4344
pittsburgh,46510
pittsburgh,2987
pittsburgh,7811
pittsburgh,7324
pittsburgh,14736
pittsburgh,36750
pittsburgh,9143
pittsburgh,8241
pittsburgh,12284
pittsburgh,43665
pittsburgh,5102
pittsburgh,3684
pittsburgh,36773
pittsburgh,38965
pittsburgh,43777
pittsburgh,12402
pittsburgh,51962
pittsburgh,21412
pittsburgh,10458
pittsburgh,16820
pittsburgh,26846
pittsburgh,9936
pittsburgh,17475
pittsburgh,37208
pittsburgh,57846
pittsburgh,10819
pittsburgh,22793
pittsburgh,45828
pittsburgh,27955
pittsburgh,28123
pittsburgh,48080
pittsburgh,43737
pittsburgh,36529
pittsburgh,51860
pittsburgh,9410
pittsburgh,47490
pittsburgh,44388
pittsburgh,33136
pittsburgh,7255
pittsburgh,10245
pittsburgh,34509
pittsburgh,23975
pittsburgh,28991
pittsburgh,29981
pittsburgh,45667
pittsburgh,6779
pittsburgh,12030
pittsburgh,4240
pittsburgh,25092
pittsburgh,51722
pittsburgh,52010
pittsburgh,24562
pittsburgh,3076
pittsburgh,52537
pittsburgh,23330
pittsburgh,16377
pittsburgh,24357
pittsburgh,4896
pittsburgh,35692
pittsburgh,580
pittsburgh,39094
pittsburgh,49605
pittsburgh,41842
pittsburgh,27112
pittsburgh,32108
pittsburgh,29169
pittsburgh,12551
pittsburgh,8201
pittsburgh,56870
pittsburgh,42514
pittsburgh,51198
pittsburgh,23934
pittsburgh,5948
pittsburgh,18676
pittsburgh,35188
pittsburgh,48268
pittsburgh,17513
pittsburgh,35489
pittsburgh,48244
pittsburgh,4672
pittsburgh,25671
pittsburgh,27734
pittsburgh,54926
pittsburgh,56671
pittsburgh,56374
pittsburgh,1883
pittsburgh,173
pittsburgh,43270
pittsburgh,2652
pittsburgh,52441
pittsburgh,35940
pittsburgh,6154
pittsburgh,15129
pittsburgh,30583
pittsburgh,504
pittsburgh,36952
pittsburgh,36112
pittsburgh,38119
pittsburgh,52904
pittsburgh,14522
pittsburgh,37777
pittsburgh,47651
pittsburgh,57355
pittsburgh,4910
pittsburgh,51348
pittsburgh,326
pittsburgh,7176
pittsburgh,54725
pittsburgh,57716
pittsburgh,40389
pittsburgh,23125
pittsburgh,25622
pittsburgh,27481
pittsburgh,24025
pittsburgh,37808
pittsburgh,51551
pittsburgh,40462
pittsburgh,27415
pittsburgh,20474
pittsburgh,35591
pittsburgh,57819
pittsburgh,56948
pittsburgh,21491
pittsburgh,1515
pittsburgh,5007
pittsburgh,20838
pittsburgh,8879
pittsburgh,27004
pittsburgh,38567
pittsburgh,17577
pittsburgh,13813
pittsburgh,57905
pittsburgh,11022
pittsburgh,35644
pittsburgh,23
pittsburgh,17759
pittsburgh,3944
pittsburgh,20661
pittsburgh,33646
pittsburgh,54281
pittsburgh,16700
pittsburgh,23499
pittsburgh,40269
pittsburgh,17888
pittsburgh,18825
pittsburgh,36119
pittsburgh,33881
pittsburgh,15091
pittsburgh,32898
pittsburgh,46745
pittsburgh,12715
pittsburgh,20134
pittsburgh,39754
pittsburgh,41467
pittsburgh,39256
pittsburgh,42594
pittsburgh,14773
pittsburgh,16113
pittsburgh,37543
pittsburgh,51788
pittsburgh,35901
pittsburgh,38064
pittsburgh,2422
pittsburgh,27978
pittsburgh,8926
pittsburgh,36888
pittsburgh,39986
pittsburgh,23219
pittsburgh,56538
pittsburgh,12495
pittsburgh,35991
pittsburgh,16185
pittsburgh,8526
pittsburgh,50650
pittsburgh,18559
pittsburgh,52829
pittsburgh,2405
pittsburgh,22662
pittsburgh,47639
pittsburgh,5374
pittsburgh,35430
pittsburgh,55635
pittsburgh,22381
pittsburgh,44106
pittsburgh,12662
pittsburgh,42040
pittsburgh,34242
pittsburgh,6218
pittsburgh,39352
pittsburgh,12663
pittsburgh,13547
pittsburgh,47960
pittsburgh,17267
pittsburgh,41839
pittsburgh,9112
pittsburgh,54493
pittsburgh,46951
pittsburgh,10709
pittsburgh,37533
pittsburgh,11980
pittsburgh,20656
pittsburgh,33035
pittsburgh,16186
pittsburgh,24180
pittsburgh,45290
pittsburgh,47832
pittsburgh,54226
pittsburgh,3008
pittsburgh,30158
pittsburgh,29049
pittsburgh,21004
pittsburgh,43871
pittsburgh,44419
pittsburgh,10475
pittsburgh,54028
pittsburgh,18525
pittsburgh,12796
pittsburgh,41297
pittsburgh,31109
pittsburgh,24845
pittsburgh,40870
pittsburgh,19957
pittsburgh,53919
pittsburgh,44204
pittsburgh,18940
pittsburgh,15852
pittsburgh,37785
pittsburgh,55783
pittsburgh,39943
pittsburgh,37386
pittsburgh,53267
pittsburgh,1313
pittsburgh,25467
pittsburgh,24759
pittsburgh,54485
pittsburgh,39821
pittsburgh,26999
pittsburgh,43073
pittsburgh,4585
pittsburgh,45404
pittsburgh,50263
pittsburgh,26753
pittsburgh,19716
pittsburgh,5562
pittsburgh,36227
pittsburgh,19384
pittsburgh,45560
pittsburgh,33628
pittsburgh,34090
pittsburgh,1028
pittsburgh,41106
pittsburgh,26893
pittsburgh,55801
pittsburgh,16233
pittsburgh,40261
pittsburgh,6309
pittsburgh,35977
pittsburgh,7901
pittsburgh,14615
pittsburgh,15778
pittsburgh,33372
pittsburgh,40153
pittsburgh,42988
pittsburgh,42263
pittsburgh,26247
pittsburgh,41233
pittsburgh,11273
pittsburgh,25771
pittsburgh,48514
pittsburgh,57901
pittsburgh,44784
pittsburgh,51174
pittsburgh,32967
pittsburgh,50242
pittsburgh,24853
pittsburgh,35481
pittsburgh,12321
pittsburgh,30969
pittsburgh,25443
pittsburgh,2034
pittsburgh,39332
pittsburgh,50681
pittsburgh,10913
pittsburgh,4953
pittsburgh,13553
pittsburgh,36891
pittsburgh,34344
pittsburgh,22743
pittsburgh,48208
pittsburgh,46418
pittsburgh,25662
pittsburgh,1760
pittsburgh,2644
pittsburgh,49994
pittsburgh,46458
pittsburgh,55591
pittsburgh,36322
pittsburgh,46727
pittsburgh,43747
pittsburgh,23897
pittsburgh,44708
pittsburgh,19925
pittsburgh,40316
pittsburgh,46964
pittsburgh,45654
pittsburgh,8819
pittsburgh,24650
pittsburgh,49108
pittsburgh,29918
pittsburgh,29694
pittsburgh,28634
pittsburgh,37093
pittsburgh,26660
pittsburgh,37345
pittsburgh,34917
pittsburgh,10300
pittsburgh,35041
pittsburgh,56992
pittsburgh,3442
pittsburgh,39019
pittsburgh,54704
pittsburgh,39226
pittsburgh,9759
pittsburgh,50240
pittsburgh,37941
pittsburgh,33820
pittsburgh,9549
pittsburgh,40439
pittsburgh,50137
pittsburgh,22417
pittsburgh,33473
pittsburgh,42415
pittsburgh,35114
pittsburgh,20915
pittsburgh,50043
pittsburgh,46521
pittsburgh,54862
pittsburgh,18875
pittsburgh,48971
pittsburgh,15865
pittsburgh,50464
pittsburgh,51751
pittsburgh,12179
pittsburgh,26274
pittsburgh,57582
pittsburgh,18429
pittsburgh,6195
pittsburgh,20468
pittsburgh,57313
pittsburgh,50842
pittsburgh,26355
pittsburgh,29663
pittsburgh,46749
pittsburgh,2578
pittsburgh,41304
pittsburgh,38345
pittsburgh,14101
pittsburgh,9803
pittsburgh,21241
pittsburgh,43574
pittsburgh,11001
pittsburgh,47955
pittsburgh,7248
pittsburgh,5740
pittsburgh,24862
pittsburgh,51792
pittsburgh,21890
pittsburgh,32011
pittsburgh,1620
pittsburgh,18150
pittsburgh,56281
pittsburgh,1525
pittsburgh,2557
pittsburgh,9559
pittsburgh,40235
pittsburgh,25938
pittsburgh,11055
pittsburgh,31417
pittsburgh,25368
pittsburgh,47626
pittsburgh,38004
pittsburgh,10867
pittsburgh,8639
pittsburgh,17432
pittsburgh,19960
pittsburgh,25170
pittsburgh,5674
pittsburgh,50034
pittsburgh,55350
pittsburgh,40613
pittsburgh,31877
pittsburgh,51889
pittsburgh,28204
pittsburgh,14983
pittsburgh,33806
pittsburgh,57532
pittsburgh,57552
pittsburgh,3622
pittsburgh,38131
pittsburgh,39591
pittsburgh,17443
pittsburgh,7079
pittsburgh,39042
pittsburgh,18850
pittsburgh,50047
pittsburgh,33606
pittsburgh,25276
pittsburgh,41889
pittsburgh,23406
pittsburgh,44368
pittsburgh,23574
pittsburgh,55553
pittsburgh,5453
pittsburgh,31850
pittsburgh,38975
pittsburgh,21737
pittsburgh,32256
pittsburgh,30751
pittsburgh,53194
pittsburgh,40350
pittsburgh,10001
pittsburgh,57958
pittsburgh,6683
pittsburgh,34858
pittsburgh,31922
pittsburgh,27382
pittsburgh,40790
pittsburgh,16393
pittsburgh,23072
pittsburgh,38001
pittsburgh,55237
pittsburgh,524
pittsburgh,35626
pittsburgh,40156
pittsburgh,54934
pittsburgh,36825
pittsburgh,22238
pittsburgh,52762
pittsburgh,36260
pittsburgh,26590
pittsburgh,44826
pittsburgh,1089
pittsburgh,23552
pittsburgh,16956
pittsburgh,48043
pittsburgh,19527
pittsburgh,11810
pittsburgh,35798
pittsburgh,1938
pittsburgh,33890
pittsburgh,22776
pittsburgh,43311
pittsburgh,5644
pittsburgh,27197
pittsburgh,52340
pittsburgh,52870
pittsburgh,6053
pittsburgh,5083
pittsburgh,15733
pittsburgh,14578
pittsburgh,48154
pittsburgh,22209
pittsburgh,6423
pittsburgh,17138
pittsburgh,36371
pittsburgh,52863
pittsburgh,10119
pittsburgh,48888
pittsburgh,21925
pittsburgh,37146
pittsburgh,55341
pittsburgh,52251
pittsburgh,2030
pittsburgh,22097
pittsburgh,26437
pittsburgh,44967
pittsburgh,3585
pittsburgh,35184
pittsburgh,42661
pittsburgh,6780
pittsburgh,21245
pittsburgh,42622
pittsburgh,57734
pittsburgh,10914
pittsburgh,24320
pittsburgh,39538
pittsburgh,3129
pittsburgh,41175
pittsburgh,43792
pittsburgh,16442
pittsburgh,52945
pittsburgh,20009
pittsburgh,15916
pittsburgh,48406
pittsburgh,3264
pittsburgh,30167
pittsburgh,21534
pittsburgh,4531
pittsburgh,55503
